Workbook
Name PERFORMANCETASKS: '[1]INPUT DATA'!#REF!
Name PERFORMANCETASKS: '[2]INPUT DATA'!#REF!
Name PERFORMANCETASKS: '[2]INPUT DATA'!#REF!
Name PT: '[1]INPUT DATA'!#REF!
Name PT: '[2]INPUT DATA'!#REF!
Name PT: '[2]INPUT DATA'!#REF!
Name QA: '[1]INPUT DATA'!#REF!
Name QA: '[2]INPUT DATA'!#REF!
Name QA: '[2]INPUT DATA'!#REF!
Name QUARTERLYASSESSMENT: '[1]INPUT DATA'!#REF!
Name QUARTERLYASSESSMENT: '[2]INPUT DATA'!#REF!
Name QUARTERLYASSESSMENT: '[2]INPUT DATA'!#REF!
Name SUBJECTS: '[3]INPUT DATA'!$A$1002:$A$1005
Name Transmu_Table: '[1]INPUT DATA'!#REF!
Name Transmu_Table: '[2]INPUT DATA'!#REF!
Name TRANSMUTATION_TABLE: '[4]DO NOT DELETE'!$G$2:$J$42
Name TRANSMUTATION_TABLE: '[5]DO NOT DELETE'!$G$2:$J$42
Name TRANSMUTATION_TABLE: 'DO NOT DELETE'!$G$2:$J$42
Name TRANSMUTATION_TABLE_2: '[6]DO NOT DELETE'!$G$2:$J$42
Name WRITTENWORKS: '[1]INPUT DATA'!#REF!
Name WRITTENWORKS: '[2]INPUT DATA'!#REF!
Name WW: '[1]INPUT DATA'!#REF!
Name WW: '[2]INPUT DATA'!#REF!

Sheet INPUT DATA
A1: Input Data Sheet for E-Class Record | AL1: Validation | AM1: Subject | AN1: ID
AL2: Generated thru SilVerLab | AM2: Mathematics | AN2: fd9e83b9-50fb-427a-a0db-0874e42f3a81
C4: REGION | G4: RIX | L4: DIVISION | O4: Zamboanga Del Norte | T4: DISTRICT | X4: Salug I
B5: SCHOOL NAME | G5: Salug National High School | T5: SCHOOL ID | X5: 303721 | AD5: SCHOOL YEAR | AG5: 2026-2027
F7: GRADE & SECTION: | K7: CSS 9 - Rizal | Q7: TEACHER: | S7: Kho, Teacher | AC7: SUBJECT: | AG7: CSS 9
B8: LEARNERS' NAMES
B11: MALE
A12: 1 | B12: BAYETA, PAUL
A13: 2 | B13: BOGANUTAN, ROLAND
A14: 3 | B14: BONTIGAO, CLYDE
A15: 4 | B15: CABARDO, JOEREN DAVE
A16: 5 | B16: CASTILLO, Z-JOHN
A17: 6 | B17: ELOG, DENIEL JAY
A18: 7 | B18: JUMALON, JANLEOVIR
A19: 8 | B19: MONSALUD, REY
A20: 9 | B20: PATAGOC, DENIEL
A21: 10 | B21: QUIPOT, LICH JAY
A22: 11 | B22: RAYNO, VINCENT
A23: 12 | B23: RIBO, KIMHAR
... A32: 21 | B32: VASQUEZ, FRENZ ANTHONY
A33: 22
A34: 23
A35: 24
A36: 25
A37: 26
A38: 27
A39: 28
A40: 29
A41: 30
A42: 31
A43: 32
A44: 33
... A71: 60
B72: FEMALE
A73: 1 | B73: AMANDORON, NATHALIE
A74: 2 | B74: BAGUIO, SCARLET JANE
A75: 3 | B75: BAYNAS, AMIE JEAN
A76: 4 | B76: CABALLETE, GWEN TIFFANY
A77: 5 | B77: DELICANO, EJ MAE
A78: 6 | B78: DIJINO, PRINCESS JILL
A79: 7 | B79: EGAM, JELYN
A80: 8 | B80: GELBAS, DIZANAH SHAURIN
A81: 9 | B81: GUINIT, ISA CRISTINE
A82: 10 | B82: HASSIM, MHERSA
A83: 11 | B83: JUTBA, NUR-HAIFA
A84: 12 | B84: LAMOSTE, STEPHANIE
... A96: 24 | B96: YAP, JONALYN
A97: 25
A98: 26
A99: 27
A100: 28
A101: 29
A102: 30
A103: 31
A104: 32
A105: 33
A106: 34
A107: 35
A108: 36
... A132: 60

Sheet Table
B2: TRANSMUTATION TABLE | H2: Descriptive Ratings | O2: Outstanding | S2: 90-100
B3: 0 | C3: - | D3: 24.99 | E3: 60 | H3: 0 | I3: 64 | J3: Emerging (Nasisimula) | O3: Very Satisfactory | S3: 85-89
B4: 25 | C4: - | D4: 39.99 | E4: 60 | H4: 65 | I4: 74 | J4: Developing (Napauunlad) | O4: Satisfactory | S4: 80-84
B5: 40 | C5: - | D5: 42.99 | E5: 61 | H5: 75 | I5: 79 | J5: Connecting (Natutungo) | O5: Fairly Satisfactory | S5: 75-79
B6: 43 | C6: - | D6: 45.99 | E6: 62 | H6: 80 | I6: 89 | J6: Benchmarking (Napamamalas) | O6: Did Not Meet Expectations | S6: Below 75
B7: 46 | C7: - | D7: 47.99 | E7: 63 | H7: 90 | I7: 100 | J7: Advancing (Namumukod-tangi)
B8: 48 | C8: - | D8: 49.99 | E8: 64
B9: 50 | C9: - | D9: 51.99 | E9: 65
B10: 52 | C10: - | D10: 53.99 | E10: 66
B11: 54 | C11: - | D11: 55.99 | E11: 67 | H11: Letter Grade
B12: 56 | C12: - | D12: 57.99 | E12: 68 | H12: 0 | I12: 64 | J12: E
B13: 58 | C13: - | D13: 59.99 | E13: 69 | H13: 65 | I13: 74 | J13: D
B14: 60 | C14: - | D14: 61.99 | E14: 70 | H14: 75 | I14: 79 | J14: C
B15: 62 | C15: - | D15: 63.99 | E15: 71 | H15: 80 | I15: 89 | J15: B
B16: 64 | C16: - | D16: 65.99 | E16: 72 | H16: 90 | I16: 100 | J16: A
B17: 66 | C17: - | D17: 67.99 | E17: 73
B18: 68 | C18: - | D18: 69.99 | E18: 74
B19: 70 | C19: - | D19: 72.99 | E19: 75
B20: 73 | C20: - | D20: 74.99 | E20: 76
B21: 75 | C21: - | D21: 75.99 | E21: 77
B22: 76 | C22: - | D22: 76.99 | E22: 78
B23: 77 | C23: - | D23: 77.99 | E23: 79
B24: 78 | C24: - | D24: 78.99 | E24: 80
B25: 79 | C25: - | D25: 79.99 | E25: 81
B26: 80 | C26: - | D26: 80.99 | E26: 82
B27: 81 | C27: - | D27: 81.99 | E27: 83
B28: 82 | C28: - | D28: 82.99 | E28: 84
... B44: 99.5 | C44: - | D44: 100 | E44: 100

Sheet Term 1
A1: Class Record | AS1: LRN
A3: (Pursuant to Deped Order 8 series of 2015)
C4: REGION | G4: ='INPUT DATA'!G4 -> IX | L4: DIVISION | O4: ='INPUT DATA'!O4 -> Schools Division of Zamboanga del Norte | T4: DISTRICT | X4: ='INPUT DATA'!X4 -> 0
B5: SCHOOL NAME | G5: ='INPUT DATA'!G5 -> 0 | T5: SCHOOL ID | X5: ='INPUT DATA'!X5 -> 0 | AD5: SCHOOL YEAR | AM5: ='INPUT DATA'!AG5 -> 0
A7: Term 1 | F7: GRADE & SECTION: | K7: ='INPUT DATA'!K7 -> 0 | Q7: TEACHER: | S7: ='INPUT DATA'!S7 -> 0 | AC7: SUBJECT: | AM7: ='INPUT DATA'!AG7 -> 0
B8: LEARNERS' NAMES | F8: WRITTEN WORKS (20%) | S8: PERFORMANCE TASKS (60%) | AF8: Summative and Term Examination (20%) | AO8: Initial Grade | AP8: Term Grade | AQ8: Letter Grade | AR8: Descriptive Rating
F9: 1 | G9: 2 | H9: 3 | I9: 4 | J9: 5 | K9: 6 | L9: 7 | M9: 8 | N9: 9 | O9: 10 | P9: Total | Q9: PS | R9: WS | S9: 1 | T9: 2 | U9: 3 | V9: 4 | W9: 5 | X9: 6 | Y9: 7 | Z9: 8 | AA9: 9 | AB9: 10 | AC9: Total | AD9: PS | AE9: WS | AF9: ST1 | AG9: WS1 | AH9: ST2 | AI9: WS2 | AJ9: TE | AK9: WST | AL9: Total | AM9: PS | AN9: WS
B10: HIGHEST POSSIBLE SCORE | P10: =IF(COUNT($F10:$O10)=0,"",SUM($F10:$O10)) | Q10: 100 | R10: 0.2 | AC10: =IF(COUNT($S10:$AB10)=0,"",SUM($S10:$AB10)) | AD10: 100 | AE10: 0.6 | AG10: 30 | AI10: 30 | AK10: 40 | AL10: =IF(COUNT(AF10:AJ10)=0,"",SUM(AF10:AJ10)) -> 60 | AM10: 100 | AN10: 0.2
B11: MALE
A12: 1 | B12: ='INPUT DATA'!B12 -> 0 | P12: =IF(COUNT($F12:$O12)=0,"",SUM($F12:$O12)) | Q12: =IF(ISERROR(IF($P12="","",ROUND(($P12/$P$10)*$Q$10,2))),"",IF($P12="","",ROUND(($P12/$P$10)*$Q$10,2))) | R12: =IF($Q12="","",ROUND($Q12*$R$10,2)) | AC12: =IF(COUNT($S12:$AB12)=0,"",SUM($S12:$AB12)) | AD12: =IF(ISERROR(IF($AC12="","",ROUND(($AC12/$AC$10)*$AD$10,2))),"",IF($AC12="","",ROUND(($AC12/$AC$10)*$AD$10,2))) | AE12: =IF($AD12="","",ROUND($AD12*$AE$10,2)) | AG12: =IF(ISBLANK(AF12),"",(AF12/$AF$10)*$AG$10) | AI12: =IF(ISBLANK(AH12),"",(AH12/$AH$10)*$AI$10) | AK12: =IF(ISBLANK(AJ12),"",(AJ12/$AJ$10)*$AK$10) | AL12: =IF(COUNTA(AF12,AH12,AJ12),AF12+AH12+AJ12,"") | AM12: =IFERROR(IF(COUNTA(AG12,AI12,AK12),(AG12+AI12+AK12),""),"") | AN12: =IF($AM12="","",ROUND($AM12*$AN$10,2)) | AO12: =IF(ISERROR(IF($AN12="","",ROUND(SUM($R12,$AE12,$AN12),2))),"",IF($AN12="","",ROUND(SUM($R12,$AE12,$AN12),2))) | AP12: =IF(ISERROR(IF($AO12="","",VLOOKUP(AO12,Table!$B$3:$E$44,4,TRUE))),"",IF($AO12="","",VLOOKUP(AO12,Table!$B$3:$E$44,4,TRUE))) | AQ12: =IF(ISERROR(IF($AP12="","",VLOOKUP(AP12,Table!$H$12:$J$16,3,TRUE))),"",IF($AP12="","",VLOOKUP(AP12,Table!$H$12:$J$16,3,TRUE))) | AR12: =IF(AP12="","",VLOOKUP(ROUND(AP12,0),Table!$H$3:$J$7,3,TRUE)) | AS12: 124623170080
A13: 2 | B13: ='INPUT DATA'!B13 -> 0 | P13: =IF(COUNT($F13:$O13)=0,"",SUM($F13:$O13)) | Q13: =IF(ISERROR(IF($P13="","",ROUND(($P13/$P$10)*$Q$10,2))),"",IF($P13="","",ROUND(($P13/$P$10)*$Q$10,2))) | R13: =IF($Q13="","",ROUND($Q13*$R$10,2)) | AC13: =IF(COUNT($S13:$AB13)=0,"",SUM($S13:$AB13)) | AD13: =IF(ISERROR(IF($AC13="","",ROUND(($AC13/$AC$10)*$AD$10,2))),"",IF($AC13="","",ROUND(($AC13/$AC$10)*$AD$10,2))) | AE13: =IF($AD13="","",ROUND($AD13*$AE$10,2)) | AG13: =IF(ISBLANK(AF13),"",(AF13/$AF$10)*$AG$10) | AI13: =IF(ISBLANK(AH13),"",(AH13/$AH$10)*$AI$10) | AK13: =IF(ISBLANK(AJ13),"",(AJ13/$AJ$10)*$AK$10) | AL13: =IF(COUNTA(AF13,AH13,AJ13),AF13+AH13+AJ13,"") | AM13: =IFERROR(IF(COUNTA(AG13,AI13,AK13),(AG13+AI13+AK13),""),"") | AN13: =IF($AM13="","",ROUND($AM13*$AN$10,2)) | AO13: =IF(ISERROR(IF($AN13="","",ROUND(SUM($R13,$AE13,$AN13),2))),"",IF($AN13="","",ROUND(SUM($R13,$AE13,$AN13),2))) | AP13: =IF(ISERROR(IF($AO13="","",VLOOKUP(AO13,Table!$B$3:$E$44,4,TRUE))),"",IF($AO13="","",VLOOKUP(AO13,Table!$B$3:$E$44,4,TRUE))) | AQ13: =IF(ISERROR(IF($AP13="","",VLOOKUP(AP13,Table!$H$12:$J$16,3,TRUE))),"",IF($AP13="","",VLOOKUP(AP13,Table!$H$12:$J$16,3,TRUE))) | AR13: =IF(AP13="","",VLOOKUP(ROUND(AP13,0),Table!$H$3:$J$7,3,TRUE)) | AS13: 124623170082
A14: 3 | B14: ='INPUT DATA'!B14 -> 0 | P14: =IF(COUNT($F14:$O14)=0,"",SUM($F14:$O14)) | Q14: =IF(ISERROR(IF($P14="","",ROUND(($P14/$P$10)*$Q$10,2))),"",IF($P14="","",ROUND(($P14/$P$10)*$Q$10,2))) | R14: =IF($Q14="","",ROUND($Q14*$R$10,2)) | AC14: =IF(COUNT($S14:$AB14)=0,"",SUM($S14:$AB14)) | AD14: =IF(ISERROR(IF($AC14="","",ROUND(($AC14/$AC$10)*$AD$10,2))),"",IF($AC14="","",ROUND(($AC14/$AC$10)*$AD$10,2))) | AE14: =IF($AD14="","",ROUND($AD14*$AE$10,2)) | AG14: =IF(ISBLANK(AF14),"",(AF14/$AF$10)*$AG$10) | AI14: =IF(ISBLANK(AH14),"",(AH14/$AH$10)*$AI$10) | AK14: =IF(ISBLANK(AJ14),"",(AJ14/$AJ$10)*$AK$10) | AL14: =IF(COUNTA(AF14,AH14,AJ14),AF14+AH14+AJ14,"") | AM14: =IFERROR(IF(COUNTA(AG14,AI14,AK14),(AG14+AI14+AK14),""),"") | AN14: =IF($AM14="","",ROUND($AM14*$AN$10,2)) | AO14: =IF(ISERROR(IF($AN14="","",ROUND(SUM($R14,$AE14,$AN14),2))),"",IF($AN14="","",ROUND(SUM($R14,$AE14,$AN14),2))) | AP14: =IF(ISERROR(IF($AO14="","",VLOOKUP(AO14,Table!$B$3:$E$44,4,TRUE))),"",IF($AO14="","",VLOOKUP(AO14,Table!$B$3:$E$44,4,TRUE))) | AQ14: =IF(ISERROR(IF($AP14="","",VLOOKUP(AP14,Table!$H$12:$J$16,3,TRUE))),"",IF($AP14="","",VLOOKUP(AP14,Table!$H$12:$J$16,3,TRUE))) | AR14: =IF(AP14="","",VLOOKUP(ROUND(AP14,0),Table!$H$3:$J$7,3,TRUE)) | AS14: 124623160139
A15: 4 | B15: ='INPUT DATA'!B15 -> 0 | P15: =IF(COUNT($F15:$O15)=0,"",SUM($F15:$O15)) | Q15: =IF(ISERROR(IF($P15="","",ROUND(($P15/$P$10)*$Q$10,2))),"",IF($P15="","",ROUND(($P15/$P$10)*$Q$10,2))) | R15: =IF($Q15="","",ROUND($Q15*$R$10,2)) | AC15: =IF(COUNT($S15:$AB15)=0,"",SUM($S15:$AB15)) | AD15: =IF(ISERROR(IF($AC15="","",ROUND(($AC15/$AC$10)*$AD$10,2))),"",IF($AC15="","",ROUND(($AC15/$AC$10)*$AD$10,2))) | AE15: =IF($AD15="","",ROUND($AD15*$AE$10,2)) | AG15: =IF(ISBLANK(AF15),"",(AF15/$AF$10)*$AG$10) | AI15: =IF(ISBLANK(AH15),"",(AH15/$AH$10)*$AI$10) | AK15: =IF(ISBLANK(AJ15),"",(AJ15/$AJ$10)*$AK$10) | AL15: =IF(COUNTA(AF15,AH15,AJ15),AF15+AH15+AJ15,"") | AM15: =IFERROR(IF(COUNTA(AG15,AI15,AK15),(AG15+AI15+AK15),""),"") | AN15: =IF($AM15="","",ROUND($AM15*$AN$10,2)) | AO15: =IF(ISERROR(IF($AN15="","",ROUND(SUM($R15,$AE15,$AN15),2))),"",IF($AN15="","",ROUND(SUM($R15,$AE15,$AN15),2))) | AP15: =IF(ISERROR(IF($AO15="","",VLOOKUP(AO15,Table!$B$3:$E$44,4,TRUE))),"",IF($AO15="","",VLOOKUP(AO15,Table!$B$3:$E$44,4,TRUE))) | AQ15: =IF(ISERROR(IF($AP15="","",VLOOKUP(AP15,Table!$H$12:$J$16,3,TRUE))),"",IF($AP15="","",VLOOKUP(AP15,Table!$H$12:$J$16,3,TRUE))) | AR15: =IF(AP15="","",VLOOKUP(ROUND(AP15,0),Table!$H$3:$J$7,3,TRUE)) | AS15: 125785170007
A16: 5 | B16: ='INPUT DATA'!B16 -> 0 | P16: =IF(COUNT($F16:$O16)=0,"",SUM($F16:$O16)) | Q16: =IF(ISERROR(IF($P16="","",ROUND(($P16/$P$10)*$Q$10,2))),"",IF($P16="","",ROUND(($P16/$P$10)*$Q$10,2))) | R16: =IF($Q16="","",ROUND($Q16*$R$10,2)) | AC16: =IF(COUNT($S16:$AB16)=0,"",SUM($S16:$AB16)) | AD16: =IF(ISERROR(IF($AC16="","",ROUND(($AC16/$AC$10)*$AD$10,2))),"",IF($AC16="","",ROUND(($AC16/$AC$10)*$AD$10,2))) | AE16: =IF($AD16="","",ROUND($AD16*$AE$10,2)) | AG16: =IF(ISBLANK(AF16),"",(AF16/$AF$10)*$AG$10) | AI16: =IF(ISBLANK(AH16),"",(AH16/$AH$10)*$AI$10) | AK16: =IF(ISBLANK(AJ16),"",(AJ16/$AJ$10)*$AK$10) | AL16: =IF(COUNTA(AF16,AH16,AJ16),AF16+AH16+AJ16,"") | AM16: =IFERROR(IF(COUNTA(AG16,AI16,AK16),(AG16+AI16+AK16),""),"") | AN16: =IF($AM16="","",ROUND($AM16*$AN$10,2)) | AO16: =IF(ISERROR(IF($AN16="","",ROUND(SUM($R16,$AE16,$AN16),2))),"",IF($AN16="","",ROUND(SUM($R16,$AE16,$AN16),2))) | AP16: =IF(ISERROR(IF($AO16="","",VLOOKUP(AO16,Table!$B$3:$E$44,4,TRUE))),"",IF($AO16="","",VLOOKUP(AO16,Table!$B$3:$E$44,4,TRUE))) | AQ16: =IF(ISERROR(IF($AP16="","",VLOOKUP(AP16,Table!$H$12:$J$16,3,TRUE))),"",IF($AP16="","",VLOOKUP(AP16,Table!$H$12:$J$16,3,TRUE))) | AR16: =IF(AP16="","",VLOOKUP(ROUND(AP16,0),Table!$H$3:$J$7,3,TRUE)) | AS16: 124628170031
A17: 6 | B17: ='INPUT DATA'!B17 -> 0 | P17: =IF(COUNT($F17:$O17)=0,"",SUM($F17:$O17)) | Q17: =IF(ISERROR(IF($P17="","",ROUND(($P17/$P$10)*$Q$10,2))),"",IF($P17="","",ROUND(($P17/$P$10)*$Q$10,2))) | R17: =IF($Q17="","",ROUND($Q17*$R$10,2)) | AC17: =IF(COUNT($S17:$AB17)=0,"",SUM($S17:$AB17)) | AD17: =IF(ISERROR(IF($AC17="","",ROUND(($AC17/$AC$10)*$AD$10,2))),"",IF($AC17="","",ROUND(($AC17/$AC$10)*$AD$10,2))) | AE17: =IF($AD17="","",ROUND($AD17*$AE$10,2)) | AG17: =IF(ISBLANK(AF17),"",(AF17/$AF$10)*$AG$10) | AI17: =IF(ISBLANK(AH17),"",(AH17/$AH$10)*$AI$10) | AK17: =IF(ISBLANK(AJ17),"",(AJ17/$AJ$10)*$AK$10) | AL17: =IF(COUNTA(AF17,AH17,AJ17),AF17+AH17+AJ17,"") | AM17: =IFERROR(IF(COUNTA(AG17,AI17,AK17),(AG17+AI17+AK17),""),"") | AN17: =IF($AM17="","",ROUND($AM17*$AN$10,2)) | AO17: =IF(ISERROR(IF($AN17="","",ROUND(SUM($R17,$AE17,$AN17),2))),"",IF($AN17="","",ROUND(SUM($R17,$AE17,$AN17),2))) | AP17: =IF(ISERROR(IF($AO17="","",VLOOKUP(AO17,Table!$B$3:$E$44,4,TRUE))),"",IF($AO17="","",VLOOKUP(AO17,Table!$B$3:$E$44,4,TRUE))) | AQ17: =IF(ISERROR(IF($AP17="","",VLOOKUP(AP17,Table!$H$12:$J$16,3,TRUE))),"",IF($AP17="","",VLOOKUP(AP17,Table!$H$12:$J$16,3,TRUE))) | AR17: =IF(AP17="","",VLOOKUP(ROUND(AP17,0),Table!$H$3:$J$7,3,TRUE)) | AS17: 12427570007
A18: 7 | B18: ='INPUT DATA'!B18 -> 0 | P18: =IF(COUNT($F18:$O18)=0,"",SUM($F18:$O18)) | Q18: =IF(ISERROR(IF($P18="","",ROUND(($P18/$P$10)*$Q$10,2))),"",IF($P18="","",ROUND(($P18/$P$10)*$Q$10,2))) | R18: =IF($Q18="","",ROUND($Q18*$R$10,2)) | AC18: =IF(COUNT($S18:$AB18)=0,"",SUM($S18:$AB18)) | AD18: =IF(ISERROR(IF($AC18="","",ROUND(($AC18/$AC$10)*$AD$10,2))),"",IF($AC18="","",ROUND(($AC18/$AC$10)*$AD$10,2))) | AE18: =IF($AD18="","",ROUND($AD18*$AE$10,2)) | AG18: =IF(ISBLANK(AF18),"",(AF18/$AF$10)*$AG$10) | AI18: =IF(ISBLANK(AH18),"",(AH18/$AH$10)*$AI$10) | AK18: =IF(ISBLANK(AJ18),"",(AJ18/$AJ$10)*$AK$10) | AL18: =IF(COUNTA(AF18,AH18,AJ18),AF18+AH18+AJ18,"") | AM18: =IFERROR(IF(COUNTA(AG18,AI18,AK18),(AG18+AI18+AK18),""),"") | AN18: =IF($AM18="","",ROUND($AM18*$AN$10,2)) | AO18: =IF(ISERROR(IF($AN18="","",ROUND(SUM($R18,$AE18,$AN18),2))),"",IF($AN18="","",ROUND(SUM($R18,$AE18,$AN18),2))) | AP18: =IF(ISERROR(IF($AO18="","",VLOOKUP(AO18,Table!$B$3:$E$44,4,TRUE))),"",IF($AO18="","",VLOOKUP(AO18,Table!$B$3:$E$44,4,TRUE))) | AQ18: =IF(ISERROR(IF($AP18="","",VLOOKUP(AP18,Table!$H$12:$J$16,3,TRUE))),"",IF($AP18="","",VLOOKUP(AP18,Table!$H$12:$J$16,3,TRUE))) | AR18: =IF(AP18="","",VLOOKUP(ROUND(AP18,0),Table!$H$3:$J$7,3,TRUE)) | AS18: 124625150005
A19: 8 | B19: ='INPUT DATA'!B19 -> 0 | D19: 0 | P19: =IF(COUNT($F19:$O19)=0,"",SUM($F19:$O19)) | Q19: =IF(ISERROR(IF($P19="","",ROUND(($P19/$P$10)*$Q$10,2))),"",IF($P19="","",ROUND(($P19/$P$10)*$Q$10,2))) | R19: =IF($Q19="","",ROUND($Q19*$R$10,2)) | AC19: =IF(COUNT($S19:$AB19)=0,"",SUM($S19:$AB19)) | AD19: =IF(ISERROR(IF($AC19="","",ROUND(($AC19/$AC$10)*$AD$10,2))),"",IF($AC19="","",ROUND(($AC19/$AC$10)*$AD$10,2))) | AE19: =IF($AD19="","",ROUND($AD19*$AE$10,2)) | AG19: =IF(ISBLANK(AF19),"",(AF19/$AF$10)*$AG$10) | AI19: =IF(ISBLANK(AH19),"",(AH19/$AH$10)*$AI$10) | AK19: =IF(ISBLANK(AJ19),"",(AJ19/$AJ$10)*$AK$10) | AL19: =IF(COUNTA(AF19,AH19,AJ19),AF19+AH19+AJ19,"") | AM19: =IFERROR(IF(COUNTA(AG19,AI19,AK19),(AG19+AI19+AK19),""),"") | AN19: =IF($AM19="","",ROUND($AM19*$AN$10,2)) | AO19: =IF(ISERROR(IF($AN19="","",ROUND(SUM($R19,$AE19,$AN19),2))),"",IF($AN19="","",ROUND(SUM($R19,$AE19,$AN19),2))) | AP19: =IF(ISERROR(IF($AO19="","",VLOOKUP(AO19,Table!$B$3:$E$44,4,TRUE))),"",IF($AO19="","",VLOOKUP(AO19,Table!$B$3:$E$44,4,TRUE))) | AQ19: =IF(ISERROR(IF($AP19="","",VLOOKUP(AP19,Table!$H$12:$J$16,3,TRUE))),"",IF($AP19="","",VLOOKUP(AP19,Table!$H$12:$J$16,3,TRUE))) | AR19: =IF(AP19="","",VLOOKUP(ROUND(AP19,0),Table!$H$3:$J$7,3,TRUE)) | AS19: 124628160034
A20: 9 | B20: ='INPUT DATA'!B20 -> 0 | P20: =IF(COUNT($F20:$O20)=0,"",SUM($F20:$O20)) | Q20: =IF(ISERROR(IF($P20="","",ROUND(($P20/$P$10)*$Q$10,2))),"",IF($P20="","",ROUND(($P20/$P$10)*$Q$10,2))) | R20: =IF($Q20="","",ROUND($Q20*$R$10,2)) | AC20: =IF(COUNT($S20:$AB20)=0,"",SUM($S20:$AB20)) | AD20: =IF(ISERROR(IF($AC20="","",ROUND(($AC20/$AC$10)*$AD$10,2))),"",IF($AC20="","",ROUND(($AC20/$AC$10)*$AD$10,2))) | AE20: =IF($AD20="","",ROUND($AD20*$AE$10,2)) | AG20: =IF(ISBLANK(AF20),"",(AF20/$AF$10)*$AG$10) | AI20: =IF(ISBLANK(AH20),"",(AH20/$AH$10)*$AI$10) | AK20: =IF(ISBLANK(AJ20),"",(AJ20/$AJ$10)*$AK$10) | AL20: =IF(COUNTA(AF20,AH20,AJ20),AF20+AH20+AJ20,"") | AM20: =IFERROR(IF(COUNTA(AG20,AI20,AK20),(AG20+AI20+AK20),""),"") | AN20: =IF($AM20="","",ROUND($AM20*$AN$10,2)) | AO20: =IF(ISERROR(IF($AN20="","",ROUND(SUM($R20,$AE20,$AN20),2))),"",IF($AN20="","",ROUND(SUM($R20,$AE20,$AN20),2))) | AP20: =IF(ISERROR(IF($AO20="","",VLOOKUP(AO20,Table!$B$3:$E$44,4,TRUE))),"",IF($AO20="","",VLOOKUP(AO20,Table!$B$3:$E$44,4,TRUE))) | AQ20: =IF(ISERROR(IF($AP20="","",VLOOKUP(AP20,Table!$H$12:$J$16,3,TRUE))),"",IF($AP20="","",VLOOKUP(AP20,Table!$H$12:$J$16,3,TRUE))) | AR20: =IF(AP20="","",VLOOKUP(ROUND(AP20,0),Table!$H$3:$J$7,3,TRUE)) | AS20: 124623150072
A21: 10 | B21: ='INPUT DATA'!B21 -> 0 | P21: =IF(COUNT($F21:$O21)=0,"",SUM($F21:$O21)) | Q21: =IF(ISERROR(IF($P21="","",ROUND(($P21/$P$10)*$Q$10,2))),"",IF($P21="","",ROUND(($P21/$P$10)*$Q$10,2))) | R21: =IF($Q21="","",ROUND($Q21*$R$10,2)) | AC21: =IF(COUNT($S21:$AB21)=0,"",SUM($S21:$AB21)) | AD21: =IF(ISERROR(IF($AC21="","",ROUND(($AC21/$AC$10)*$AD$10,2))),"",IF($AC21="","",ROUND(($AC21/$AC$10)*$AD$10,2))) | AE21: =IF($AD21="","",ROUND($AD21*$AE$10,2)) | AG21: =IF(ISBLANK(AF21),"",(AF21/$AF$10)*$AG$10) | AI21: =IF(ISBLANK(AH21),"",(AH21/$AH$10)*$AI$10) | AK21: =IF(ISBLANK(AJ21),"",(AJ21/$AJ$10)*$AK$10) | AL21: =IF(COUNTA(AF21,AH21,AJ21),AF21+AH21+AJ21,"") | AM21: =IFERROR(IF(COUNTA(AG21,AI21,AK21),(AG21+AI21+AK21),""),"") | AN21: =IF($AM21="","",ROUND($AM21*$AN$10,2)) | AO21: =IF(ISERROR(IF($AN21="","",ROUND(SUM($R21,$AE21,$AN21),2))),"",IF($AN21="","",ROUND(SUM($R21,$AE21,$AN21),2))) | AP21: =IF(ISERROR(IF($AO21="","",VLOOKUP(AO21,Table!$B$3:$E$44,4,TRUE))),"",IF($AO21="","",VLOOKUP(AO21,Table!$B$3:$E$44,4,TRUE))) | AQ21: =IF(ISERROR(IF($AP21="","",VLOOKUP(AP21,Table!$H$12:$J$16,3,TRUE))),"",IF($AP21="","",VLOOKUP(AP21,Table!$H$12:$J$16,3,TRUE))) | AR21: =IF(AP21="","",VLOOKUP(ROUND(AP21,0),Table!$H$3:$J$7,3,TRUE)) | AS21: 124623170177
A22: 11 | B22: ='INPUT DATA'!B22 -> 0 | D22: 0 | P22: =IF(COUNT($F22:$O22)=0,"",SUM($F22:$O22)) | Q22: =IF(ISERROR(IF($P22="","",ROUND(($P22/$P$10)*$Q$10,2))),"",IF($P22="","",ROUND(($P22/$P$10)*$Q$10,2))) | R22: =IF($Q22="","",ROUND($Q22*$R$10,2)) | AC22: =IF(COUNT($S22:$AB22)=0,"",SUM($S22:$AB22)) | AD22: =IF(ISERROR(IF($AC22="","",ROUND(($AC22/$AC$10)*$AD$10,2))),"",IF($AC22="","",ROUND(($AC22/$AC$10)*$AD$10,2))) | AE22: =IF($AD22="","",ROUND($AD22*$AE$10,2)) | AG22: =IF(ISBLANK(AF22),"",(AF22/$AF$10)*$AG$10) | AI22: =IF(ISBLANK(AH22),"",(AH22/$AH$10)*$AI$10) | AK22: =IF(ISBLANK(AJ22),"",(AJ22/$AJ$10)*$AK$10) | AL22: =IF(COUNTA(AF22,AH22,AJ22),AF22+AH22+AJ22,"") | AM22: =IFERROR(IF(COUNTA(AG22,AI22,AK22),(AG22+AI22+AK22),""),"") | AN22: =IF($AM22="","",ROUND($AM22*$AN$10,2)) | AO22: =IF(ISERROR(IF($AN22="","",ROUND(SUM($R22,$AE22,$AN22),2))),"",IF($AN22="","",ROUND(SUM($R22,$AE22,$AN22),2))) | AP22: =IF(ISERROR(IF($AO22="","",VLOOKUP(AO22,Table!$B$3:$E$44,4,TRUE))),"",IF($AO22="","",VLOOKUP(AO22,Table!$B$3:$E$44,4,TRUE))) | AQ22: =IF(ISERROR(IF($AP22="","",VLOOKUP(AP22,Table!$H$12:$J$16,3,TRUE))),"",IF($AP22="","",VLOOKUP(AP22,Table!$H$12:$J$16,3,TRUE))) | AR22: =IF(AP22="","",VLOOKUP(ROUND(AP22,0),Table!$H$3:$J$7,3,TRUE)) | AS22: 124628160014
A23: 12 | B23: ='INPUT DATA'!B23 -> 0 | P23: =IF(COUNT($F23:$O23)=0,"",SUM($F23:$O23)) | Q23: =IF(ISERROR(IF($P23="","",ROUND(($P23/$P$10)*$Q$10,2))),"",IF($P23="","",ROUND(($P23/$P$10)*$Q$10,2))) | R23: =IF($Q23="","",ROUND($Q23*$R$10,2)) | AC23: =IF(COUNT($S23:$AB23)=0,"",SUM($S23:$AB23)) | AD23: =IF(ISERROR(IF($AC23="","",ROUND(($AC23/$AC$10)*$AD$10,2))),"",IF($AC23="","",ROUND(($AC23/$AC$10)*$AD$10,2))) | AE23: =IF($AD23="","",ROUND($AD23*$AE$10,2)) | AG23: =IF(ISBLANK(AF23),"",(AF23/$AF$10)*$AG$10) | AI23: =IF(ISBLANK(AH23),"",(AH23/$AH$10)*$AI$10) | AK23: =IF(ISBLANK(AJ23),"",(AJ23/$AJ$10)*$AK$10) | AL23: =IF(COUNTA(AF23,AH23,AJ23),AF23+AH23+AJ23,"") | AM23: =IFERROR(IF(COUNTA(AG23,AI23,AK23),(AG23+AI23+AK23),""),"") | AN23: =IF($AM23="","",ROUND($AM23*$AN$10,2)) | AO23: =IF(ISERROR(IF($AN23="","",ROUND(SUM($R23,$AE23,$AN23),2))),"",IF($AN23="","",ROUND(SUM($R23,$AE23,$AN23),2))) | AP23: =IF(ISERROR(IF($AO23="","",VLOOKUP(AO23,Table!$B$3:$E$44,4,TRUE))),"",IF($AO23="","",VLOOKUP(AO23,Table!$B$3:$E$44,4,TRUE))) | AQ23: =IF(ISERROR(IF($AP23="","",VLOOKUP(AP23,Table!$H$12:$J$16,3,TRUE))),"",IF($AP23="","",VLOOKUP(AP23,Table!$H$12:$J$16,3,TRUE))) | AR23: =IF(AP23="","",VLOOKUP(ROUND(AP23,0),Table!$H$3:$J$7,3,TRUE)) | AS23: 124616170003
A24: 13 | B24: ='INPUT DATA'!B24 -> 0 | P24: =IF(COUNT($F24:$O24)=0,"",SUM($F24:$O24)) | Q24: =IF(ISERROR(IF($P24="","",ROUND(($P24/$P$10)*$Q$10,2))),"",IF($P24="","",ROUND(($P24/$P$10)*$Q$10,2))) | R24: =IF($Q24="","",ROUND($Q24*$R$10,2)) | AC24: =IF(COUNT($S24:$AB24)=0,"",SUM($S24:$AB24)) | AD24: =IF(ISERROR(IF($AC24="","",ROUND(($AC24/$AC$10)*$AD$10,2))),"",IF($AC24="","",ROUND(($AC24/$AC$10)*$AD$10,2))) | AE24: =IF($AD24="","",ROUND($AD24*$AE$10,2)) | AG24: =IF(ISBLANK(AF24),"",(AF24/$AF$10)*$AG$10) | AI24: =IF(ISBLANK(AH24),"",(AH24/$AH$10)*$AI$10) | AK24: =IF(ISBLANK(AJ24),"",(AJ24/$AJ$10)*$AK$10) | AL24: =IF(COUNTA(AF24,AH24,AJ24),AF24+AH24+AJ24,"") | AM24: =IFERROR(IF(COUNTA(AG24,AI24,AK24),(AG24+AI24+AK24),""),"") | AN24: =IF($AM24="","",ROUND($AM24*$AN$10,2)) | AO24: =IF(ISERROR(IF($AN24="","",ROUND(SUM($R24,$AE24,$AN24),2))),"",IF($AN24="","",ROUND(SUM($R24,$AE24,$AN24),2))) | AP24: =IF(ISERROR(IF($AO24="","",VLOOKUP(AO24,Table!$B$3:$E$44,4,TRUE))),"",IF($AO24="","",VLOOKUP(AO24,Table!$B$3:$E$44,4,TRUE))) | AQ24: =IF(ISERROR(IF($AP24="","",VLOOKUP(AP24,Table!$H$12:$J$16,3,TRUE))),"",IF($AP24="","",VLOOKUP(AP24,Table!$H$12:$J$16,3,TRUE))) | AR24: =IF(AP24="","",VLOOKUP(ROUND(AP24,0),Table!$H$3:$J$7,3,TRUE)) | AS24: 124628160037
A25: 14 | B25: ='INPUT DATA'!B25 -> 0 | P25: =IF(COUNT($F25:$O25)=0,"",SUM($F25:$O25)) | Q25: =IF(ISERROR(IF($P25="","",ROUND(($P25/$P$10)*$Q$10,2))),"",IF($P25="","",ROUND(($P25/$P$10)*$Q$10,2))) | R25: =IF($Q25="","",ROUND($Q25*$R$10,2)) | AC25: =IF(COUNT($S25:$AB25)=0,"",SUM($S25:$AB25)) | AD25: =IF(ISERROR(IF($AC25="","",ROUND(($AC25/$AC$10)*$AD$10,2))),"",IF($AC25="","",ROUND(($AC25/$AC$10)*$AD$10,2))) | AE25: =IF($AD25="","",ROUND($AD25*$AE$10,2)) | AG25: =IF(ISBLANK(AF25),"",(AF25/$AF$10)*$AG$10) | AI25: =IF(ISBLANK(AH25),"",(AH25/$AH$10)*$AI$10) | AK25: =IF(ISBLANK(AJ25),"",(AJ25/$AJ$10)*$AK$10) | AL25: =IF(COUNTA(AF25,AH25,AJ25),AF25+AH25+AJ25,"") | AM25: =IFERROR(IF(COUNTA(AG25,AI25,AK25),(AG25+AI25+AK25),""),"") | AN25: =IF($AM25="","",ROUND($AM25*$AN$10,2)) | AO25: =IF(ISERROR(IF($AN25="","",ROUND(SUM($R25,$AE25,$AN25),2))),"",IF($AN25="","",ROUND(SUM($R25,$AE25,$AN25),2))) | AP25: =IF(ISERROR(IF($AO25="","",VLOOKUP(AO25,Table!$B$3:$E$44,4,TRUE))),"",IF($AO25="","",VLOOKUP(AO25,Table!$B$3:$E$44,4,TRUE))) | AQ25: =IF(ISERROR(IF($AP25="","",VLOOKUP(AP25,Table!$H$12:$J$16,3,TRUE))),"",IF($AP25="","",VLOOKUP(AP25,Table!$H$12:$J$16,3,TRUE))) | AR25: =IF(AP25="","",VLOOKUP(ROUND(AP25,0),Table!$H$3:$J$7,3,TRUE)) | AS25: 124623170062
A26: 15 | B26: ='INPUT DATA'!B26 -> 0 | P26: =IF(COUNT($F26:$O26)=0,"",SUM($F26:$O26)) | Q26: =IF(ISERROR(IF($P26="","",ROUND(($P26/$P$10)*$Q$10,2))),"",IF($P26="","",ROUND(($P26/$P$10)*$Q$10,2))) | R26: =IF($Q26="","",ROUND($Q26*$R$10,2)) | AC26: =IF(COUNT($S26:$AB26)=0,"",SUM($S26:$AB26)) | AD26: =IF(ISERROR(IF($AC26="","",ROUND(($AC26/$AC$10)*$AD$10,2))),"",IF($AC26="","",ROUND(($AC26/$AC$10)*$AD$10,2))) | AE26: =IF($AD26="","",ROUND($AD26*$AE$10,2)) | AG26: =IF(ISBLANK(AF26),"",(AF26/$AF$10)*$AG$10) | AI26: =IF(ISBLANK(AH26),"",(AH26/$AH$10)*$AI$10) | AK26: =IF(ISBLANK(AJ26),"",(AJ26/$AJ$10)*$AK$10) | AL26: =IF(COUNTA(AF26,AH26,AJ26),AF26+AH26+AJ26,"") | AM26: =IFERROR(IF(COUNTA(AG26,AI26,AK26),(AG26+AI26+AK26),""),"") | AN26: =IF($AM26="","",ROUND($AM26*$AN$10,2)) | AO26: =IF(ISERROR(IF($AN26="","",ROUND(SUM($R26,$AE26,$AN26),2))),"",IF($AN26="","",ROUND(SUM($R26,$AE26,$AN26),2))) | AP26: =IF(ISERROR(IF($AO26="","",VLOOKUP(AO26,Table!$B$3:$E$44,4,TRUE))),"",IF($AO26="","",VLOOKUP(AO26,Table!$B$3:$E$44,4,TRUE))) | AQ26: =IF(ISERROR(IF($AP26="","",VLOOKUP(AP26,Table!$H$12:$J$16,3,TRUE))),"",IF($AP26="","",VLOOKUP(AP26,Table!$H$12:$J$16,3,TRUE))) | AR26: =IF(AP26="","",VLOOKUP(ROUND(AP26,0),Table!$H$3:$J$7,3,TRUE)) | AS26: 124616170007
A27: 16 | B27: ='INPUT DATA'!B27 -> 0 | P27: =IF(COUNT($F27:$O27)=0,"",SUM($F27:$O27)) | Q27: =IF(ISERROR(IF($P27="","",ROUND(($P27/$P$10)*$Q$10,2))),"",IF($P27="","",ROUND(($P27/$P$10)*$Q$10,2))) | R27: =IF($Q27="","",ROUND($Q27*$R$10,2)) | AC27: =IF(COUNT($S27:$AB27)=0,"",SUM($S27:$AB27)) | AD27: =IF(ISERROR(IF($AC27="","",ROUND(($AC27/$AC$10)*$AD$10,2))),"",IF($AC27="","",ROUND(($AC27/$AC$10)*$AD$10,2))) | AE27: =IF($AD27="","",ROUND($AD27*$AE$10,2)) | AG27: =IF(ISBLANK(AF27),"",(AF27/$AF$10)*$AG$10) | AI27: =IF(ISBLANK(AH27),"",(AH27/$AH$10)*$AI$10) | AK27: =IF(ISBLANK(AJ27),"",(AJ27/$AJ$10)*$AK$10) | AL27: =IF(COUNTA(AF27,AH27,AJ27),AF27+AH27+AJ27,"") | AM27: =IFERROR(IF(COUNTA(AG27,AI27,AK27),(AG27+AI27+AK27),""),"") | AN27: =IF($AM27="","",ROUND($AM27*$AN$10,2)) | AO27: =IF(ISERROR(IF($AN27="","",ROUND(SUM($R27,$AE27,$AN27),2))),"",IF($AN27="","",ROUND(SUM($R27,$AE27,$AN27),2))) | AP27: =IF(ISERROR(IF($AO27="","",VLOOKUP(AO27,Table!$B$3:$E$44,4,TRUE))),"",IF($AO27="","",VLOOKUP(AO27,Table!$B$3:$E$44,4,TRUE))) | AQ27: =IF(ISERROR(IF($AP27="","",VLOOKUP(AP27,Table!$H$12:$J$16,3,TRUE))),"",IF($AP27="","",VLOOKUP(AP27,Table!$H$12:$J$16,3,TRUE))) | AR27: =IF(AP27="","",VLOOKUP(ROUND(AP27,0),Table!$H$3:$J$7,3,TRUE)) | AS27: 124620160006
A28: 17 | B28: ='INPUT DATA'!B28 -> 0 | P28: =IF(COUNT($F28:$O28)=0,"",SUM($F28:$O28)) | Q28: =IF(ISERROR(IF($P28="","",ROUND(($P28/$P$10)*$Q$10,2))),"",IF($P28="","",ROUND(($P28/$P$10)*$Q$10,2))) | R28: =IF($Q28="","",ROUND($Q28*$R$10,2)) | AC28: =IF(COUNT($S28:$AB28)=0,"",SUM($S28:$AB28)) | AD28: =IF(ISERROR(IF($AC28="","",ROUND(($AC28/$AC$10)*$AD$10,2))),"",IF($AC28="","",ROUND(($AC28/$AC$10)*$AD$10,2))) | AE28: =IF($AD28="","",ROUND($AD28*$AE$10,2)) | AG28: =IF(ISBLANK(AF28),"",(AF28/$AF$10)*$AG$10) | AI28: =IF(ISBLANK(AH28),"",(AH28/$AH$10)*$AI$10) | AK28: =IF(ISBLANK(AJ28),"",(AJ28/$AJ$10)*$AK$10) | AL28: =IF(COUNTA(AF28,AH28,AJ28),AF28+AH28+AJ28,"") | AM28: =IFERROR(IF(COUNTA(AG28,AI28,AK28),(AG28+AI28+AK28),""),"") | AN28: =IF($AM28="","",ROUND($AM28*$AN$10,2)) | AO28: =IF(ISERROR(IF($AN28="","",ROUND(SUM($R28,$AE28,$AN28),2))),"",IF($AN28="","",ROUND(SUM($R28,$AE28,$AN28),2))) | AP28: =IF(ISERROR(IF($AO28="","",VLOOKUP(AO28,Table!$B$3:$E$44,4,TRUE))),"",IF($AO28="","",VLOOKUP(AO28,Table!$B$3:$E$44,4,TRUE))) | AQ28: =IF(ISERROR(IF($AP28="","",VLOOKUP(AP28,Table!$H$12:$J$16,3,TRUE))),"",IF($AP28="","",VLOOKUP(AP28,Table!$H$12:$J$16,3,TRUE))) | AR28: =IF(AP28="","",VLOOKUP(ROUND(AP28,0),Table!$H$3:$J$7,3,TRUE)) | AS28: 124622170008
A29: 18 | B29: ='INPUT DATA'!B29 -> 0 | P29: =IF(COUNT($F29:$O29)=0,"",SUM($F29:$O29)) | Q29: =IF(ISERROR(IF($P29="","",ROUND(($P29/$P$10)*$Q$10,2))),"",IF($P29="","",ROUND(($P29/$P$10)*$Q$10,2))) | R29: =IF($Q29="","",ROUND($Q29*$R$10,2)) | AC29: =IF(COUNT($S29:$AB29)=0,"",SUM($S29:$AB29)) | AD29: =IF(ISERROR(IF($AC29="","",ROUND(($AC29/$AC$10)*$AD$10,2))),"",IF($AC29="","",ROUND(($AC29/$AC$10)*$AD$10,2))) | AE29: =IF($AD29="","",ROUND($AD29*$AE$10,2)) | AG29: =IF(ISBLANK(AF29),"",(AF29/$AF$10)*$AG$10) | AI29: =IF(ISBLANK(AH29),"",(AH29/$AH$10)*$AI$10) | AK29: =IF(ISBLANK(AJ29),"",(AJ29/$AJ$10)*$AK$10) | AL29: =IF(COUNTA(AF29,AH29,AJ29),AF29+AH29+AJ29,"") | AM29: =IFERROR(IF(COUNTA(AG29,AI29,AK29),(AG29+AI29+AK29),""),"") | AN29: =IF($AM29="","",ROUND($AM29*$AN$10,2)) | AO29: =IF(ISERROR(IF($AN29="","",ROUND(SUM($R29,$AE29,$AN29),2))),"",IF($AN29="","",ROUND(SUM($R29,$AE29,$AN29),2))) | AP29: =IF(ISERROR(IF($AO29="","",VLOOKUP(AO29,Table!$B$3:$E$44,4,TRUE))),"",IF($AO29="","",VLOOKUP(AO29,Table!$B$3:$E$44,4,TRUE))) | AQ29: =IF(ISERROR(IF($AP29="","",VLOOKUP(AP29,Table!$H$12:$J$16,3,TRUE))),"",IF($AP29="","",VLOOKUP(AP29,Table!$H$12:$J$16,3,TRUE))) | AR29: =IF(AP29="","",VLOOKUP(ROUND(AP29,0),Table!$H$3:$J$7,3,TRUE)) | AS29: 124623170035
A30: 19 | B30: ='INPUT DATA'!B30 -> 0 | P30: =IF(COUNT($F30:$O30)=0,"",SUM($F30:$O30)) | Q30: =IF(ISERROR(IF($P30="","",ROUND(($P30/$P$10)*$Q$10,2))),"",IF($P30="","",ROUND(($P30/$P$10)*$Q$10,2))) | R30: =IF($Q30="","",ROUND($Q30*$R$10,2)) | AC30: =IF(COUNT($S30:$AB30)=0,"",SUM($S30:$AB30)) | AD30: =IF(ISERROR(IF($AC30="","",ROUND(($AC30/$AC$10)*$AD$10,2))),"",IF($AC30="","",ROUND(($AC30/$AC$10)*$AD$10,2))) | AE30: =IF($AD30="","",ROUND($AD30*$AE$10,2)) | AG30: =IF(ISBLANK(AF30),"",(AF30/$AF$10)*$AG$10) | AI30: =IF(ISBLANK(AH30),"",(AH30/$AH$10)*$AI$10) | AK30: =IF(ISBLANK(AJ30),"",(AJ30/$AJ$10)*$AK$10) | AL30: =IF(COUNTA(AF30,AH30,AJ30),AF30+AH30+AJ30,"") | AM30: =IFERROR(IF(COUNTA(AG30,AI30,AK30),(AG30+AI30+AK30),""),"") | AN30: =IF($AM30="","",ROUND($AM30*$AN$10,2)) | AO30: =IF(ISERROR(IF($AN30="","",ROUND(SUM($R30,$AE30,$AN30),2))),"",IF($AN30="","",ROUND(SUM($R30,$AE30,$AN30),2))) | AP30: =IF(ISERROR(IF($AO30="","",VLOOKUP(AO30,Table!$B$3:$E$44,4,TRUE))),"",IF($AO30="","",VLOOKUP(AO30,Table!$B$3:$E$44,4,TRUE))) | AQ30: =IF(ISERROR(IF($AP30="","",VLOOKUP(AP30,Table!$H$12:$J$16,3,TRUE))),"",IF($AP30="","",VLOOKUP(AP30,Table!$H$12:$J$16,3,TRUE))) | AR30: =IF(AP30="","",VLOOKUP(ROUND(AP30,0),Table!$H$3:$J$7,3,TRUE)) | AS30: 124620170005
A31: 20 | B31: ='INPUT DATA'!B31 -> 0 | P31: =IF(COUNT($F31:$O31)=0,"",SUM($F31:$O31)) | Q31: =IF(ISERROR(IF($P31="","",ROUND(($P31/$P$10)*$Q$10,2))),"",IF($P31="","",ROUND(($P31/$P$10)*$Q$10,2))) | R31: =IF($Q31="","",ROUND($Q31*$R$10,2)) | AC31: =IF(COUNT($S31:$AB31)=0,"",SUM($S31:$AB31)) | AD31: =IF(ISERROR(IF($AC31="","",ROUND(($AC31/$AC$10)*$AD$10,2))),"",IF($AC31="","",ROUND(($AC31/$AC$10)*$AD$10,2))) | AE31: =IF($AD31="","",ROUND($AD31*$AE$10,2)) | AG31: =IF(ISBLANK(AF31),"",(AF31/$AF$10)*$AG$10) | AI31: =IF(ISBLANK(AH31),"",(AH31/$AH$10)*$AI$10) | AK31: =IF(ISBLANK(AJ31),"",(AJ31/$AJ$10)*$AK$10) | AL31: =IF(COUNTA(AF31,AH31,AJ31),AF31+AH31+AJ31,"") | AM31: =IFERROR(IF(COUNTA(AG31,AI31,AK31),(AG31+AI31+AK31),""),"") | AN31: =IF($AM31="","",ROUND($AM31*$AN$10,2)) | AO31: =IF(ISERROR(IF($AN31="","",ROUND(SUM($R31,$AE31,$AN31),2))),"",IF($AN31="","",ROUND(SUM($R31,$AE31,$AN31),2))) | AP31: =IF(ISERROR(IF($AO31="","",VLOOKUP(AO31,Table!$B$3:$E$44,4,TRUE))),"",IF($AO31="","",VLOOKUP(AO31,Table!$B$3:$E$44,4,TRUE))) | AQ31: =IF(ISERROR(IF($AP31="","",VLOOKUP(AP31,Table!$H$12:$J$16,3,TRUE))),"",IF($AP31="","",VLOOKUP(AP31,Table!$H$12:$J$16,3,TRUE))) | AR31: =IF(AP31="","",VLOOKUP(ROUND(AP31,0),Table!$H$3:$J$7,3,TRUE)) | AS31: 124623170064
A32: 21 | B32: ='INPUT DATA'!B32 -> 0 | P32: =IF(COUNT($F32:$O32)=0,"",SUM($F32:$O32)) | Q32: =IF(ISERROR(IF($P32="","",ROUND(($P32/$P$10)*$Q$10,2))),"",IF($P32="","",ROUND(($P32/$P$10)*$Q$10,2))) | R32: =IF($Q32="","",ROUND($Q32*$R$10,2)) | AC32: =IF(COUNT($S32:$AB32)=0,"",SUM($S32:$AB32)) | AD32: =IF(ISERROR(IF($AC32="","",ROUND(($AC32/$AC$10)*$AD$10,2))),"",IF($AC32="","",ROUND(($AC32/$AC$10)*$AD$10,2))) | AE32: =IF($AD32="","",ROUND($AD32*$AE$10,2)) | AG32: =IF(ISBLANK(AF32),"",(AF32/$AF$10)*$AG$10) | AI32: =IF(ISBLANK(AH32),"",(AH32/$AH$10)*$AI$10) | AK32: =IF(ISBLANK(AJ32),"",(AJ32/$AJ$10)*$AK$10) | AL32: =IF(COUNTA(AF32,AH32,AJ32),AF32+AH32+AJ32,"") | AM32: =IFERROR(IF(COUNTA(AG32,AI32,AK32),(AG32+AI32+AK32),""),"") | AN32: =IF($AM32="","",ROUND($AM32*$AN$10,2)) | AO32: =IF(ISERROR(IF($AN32="","",ROUND(SUM($R32,$AE32,$AN32),2))),"",IF($AN32="","",ROUND(SUM($R32,$AE32,$AN32),2))) | AP32: =IF(ISERROR(IF($AO32="","",VLOOKUP(AO32,Table!$B$3:$E$44,4,TRUE))),"",IF($AO32="","",VLOOKUP(AO32,Table!$B$3:$E$44,4,TRUE))) | AQ32: =IF(ISERROR(IF($AP32="","",VLOOKUP(AP32,Table!$H$12:$J$16,3,TRUE))),"",IF($AP32="","",VLOOKUP(AP32,Table!$H$12:$J$16,3,TRUE))) | AR32: =IF(AP32="","",VLOOKUP(ROUND(AP32,0),Table!$H$3:$J$7,3,TRUE)) | AS32: 124623170169
A33: 22 | B33: ='INPUT DATA'!B33 -> 0 | P33: =IF(COUNT($F33:$O33)=0,"",SUM($F33:$O33)) | Q33: =IF(ISERROR(IF($P33="","",ROUND(($P33/$P$10)*$Q$10,2))),"",IF($P33="","",ROUND(($P33/$P$10)*$Q$10,2))) | R33: =IF($Q33="","",ROUND($Q33*$R$10,2)) | AC33: =IF(COUNT($S33:$AB33)=0,"",SUM($S33:$AB33)) | AD33: =IF(ISERROR(IF($AC33="","",ROUND(($AC33/$AC$10)*$AD$10,2))),"",IF($AC33="","",ROUND(($AC33/$AC$10)*$AD$10,2))) | AE33: =IF($AD33="","",ROUND($AD33*$AE$10,2)) | AG33: =IF(ISBLANK(AF33),"",(AF33/$AF$10)*$AG$10) | AI33: =IF(ISBLANK(AH33),"",(AH33/$AH$10)*$AI$10) | AK33: =IF(ISBLANK(AJ33),"",(AJ33/$AJ$10)*$AK$10) | AL33: =IF(COUNTA(AF33,AH33,AJ33),AF33+AH33+AJ33,"") | AM33: =IFERROR(IF(COUNTA(AG33,AI33,AK33),(AG33+AI33+AK33),""),"") | AN33: =IF($AM33="","",ROUND($AM33*$AN$10,2)) | AO33: =IF(ISERROR(IF($AN33="","",ROUND(SUM($R33,$AE33,$AN33),2))),"",IF($AN33="","",ROUND(SUM($R33,$AE33,$AN33),2))) | AP33: =IF(ISERROR(IF($AO33="","",VLOOKUP(AO33,Table!$B$3:$E$44,4,TRUE))),"",IF($AO33="","",VLOOKUP(AO33,Table!$B$3:$E$44,4,TRUE))) | AQ33: =IF(ISERROR(IF($AP33="","",VLOOKUP(AP33,Table!$H$12:$J$16,3,TRUE))),"",IF($AP33="","",VLOOKUP(AP33,Table!$H$12:$J$16,3,TRUE))) | AR33: =IF(AP33="","",VLOOKUP(ROUND(AP33,0),Table!$H$3:$J$7,3,TRUE)) | AS33: 124627170021
A34: 23 | B34: ='INPUT DATA'!B34 -> 0 | P34: =IF(COUNT($F34:$O34)=0,"",SUM($F34:$O34)) | Q34: =IF(ISERROR(IF($P34="","",ROUND(($P34/$P$10)*$Q$10,2))),"",IF($P34="","",ROUND(($P34/$P$10)*$Q$10,2))) | R34: =IF($Q34="","",ROUND($Q34*$R$10,2)) | AC34: =IF(COUNT($S34:$AB34)=0,"",SUM($S34:$AB34)) | AD34: =IF(ISERROR(IF($AC34="","",ROUND(($AC34/$AC$10)*$AD$10,2))),"",IF($AC34="","",ROUND(($AC34/$AC$10)*$AD$10,2))) | AE34: =IF($AD34="","",ROUND($AD34*$AE$10,2)) | AL34: =IF(COUNT(AF34:AJ34)=0,"",SUM(AF34:AJ34)) | AM34: =IF(ISERROR(IF($AL34="","",ROUND(($AL34/$AL$10)*$AM$10,2))),"",IF($AL34="","",ROUND(($AL34/$AL$10)*$AM$10,2))) | AN34: =IF($AM34="","",ROUND($AM34*$AN$10,2)) | AO34: =IF(ISERROR(IF($AN34="","",ROUND(SUM($R34,$AE34,$AN34),2))),"",IF($AN34="","",ROUND(SUM($R34,$AE34,$AN34),2))) | AP34: =IF(ISERROR(IF($AO34="","",VLOOKUP(AO34,Table!$B$3:$E$44,4,TRUE))),"",IF($AO34="","",VLOOKUP(AO34,Table!$B$3:$E$44,4,TRUE))) | AQ34: =IF(ISERROR(IF($AP34="","",VLOOKUP(AP34,Table!$H$12:$J$16,3,TRUE))),"",IF($AP34="","",VLOOKUP(AP34,Table!$H$12:$J$16,3,TRUE))) | AR34: =IF(AP34="","",VLOOKUP(ROUND(AP34,0),Table!$H$3:$J$7,3,TRUE))
A35: 24 | B35: ='INPUT DATA'!B35 -> 0 | P35: =IF(COUNT($F35:$O35)=0,"",SUM($F35:$O35)) | Q35: =IF(ISERROR(IF($P35="","",ROUND(($P35/$P$10)*$Q$10,2))),"",IF($P35="","",ROUND(($P35/$P$10)*$Q$10,2))) | R35: =IF($Q35="","",ROUND($Q35*$R$10,2)) | AC35: =IF(COUNT($S35:$AB35)=0,"",SUM($S35:$AB35)) | AD35: =IF(ISERROR(IF($AC35="","",ROUND(($AC35/$AC$10)*$AD$10,2))),"",IF($AC35="","",ROUND(($AC35/$AC$10)*$AD$10,2))) | AE35: =IF($AD35="","",ROUND($AD35*$AE$10,2)) | AL35: =IF(COUNT(AF35:AJ35)=0,"",SUM(AF35:AJ35)) | AM35: =IF(ISERROR(IF($AL35="","",ROUND(($AL35/$AL$10)*$AM$10,2))),"",IF($AL35="","",ROUND(($AL35/$AL$10)*$AM$10,2))) | AN35: =IF($AM35="","",ROUND($AM35*$AN$10,2)) | AO35: =IF(ISERROR(IF($AN35="","",ROUND(SUM($R35,$AE35,$AN35),2))),"",IF($AN35="","",ROUND(SUM($R35,$AE35,$AN35),2))) | AP35: =IF(ISERROR(IF($AO35="","",VLOOKUP(AO35,Table!$B$3:$E$44,4,TRUE))),"",IF($AO35="","",VLOOKUP(AO35,Table!$B$3:$E$44,4,TRUE))) | AQ35: =IF(ISERROR(IF($AP35="","",VLOOKUP(AP35,Table!$H$12:$J$16,3,TRUE))),"",IF($AP35="","",VLOOKUP(AP35,Table!$H$12:$J$16,3,TRUE))) | AR35: =IF(AP35="","",VLOOKUP(ROUND(AP35,0),Table!$H$3:$J$7,3,TRUE))
A36: 25 | B36: ='INPUT DATA'!B36 -> 0 | P36: =IF(COUNT($F36:$O36)=0,"",SUM($F36:$O36)) | Q36: =IF(ISERROR(IF($P36="","",ROUND(($P36/$P$10)*$Q$10,2))),"",IF($P36="","",ROUND(($P36/$P$10)*$Q$10,2))) | R36: =IF($Q36="","",ROUND($Q36*$R$10,2)) | AC36: =IF(COUNT($S36:$AB36)=0,"",SUM($S36:$AB36)) | AD36: =IF(ISERROR(IF($AC36="","",ROUND(($AC36/$AC$10)*$AD$10,2))),"",IF($AC36="","",ROUND(($AC36/$AC$10)*$AD$10,2))) | AE36: =IF($AD36="","",ROUND($AD36*$AE$10,2)) | AL36: =IF(COUNT(AF36:AJ36)=0,"",SUM(AF36:AJ36)) | AM36: =IF(ISERROR(IF($AL36="","",ROUND(($AL36/$AL$10)*$AM$10,2))),"",IF($AL36="","",ROUND(($AL36/$AL$10)*$AM$10,2))) | AN36: =IF($AM36="","",ROUND($AM36*$AN$10,2)) | AO36: =IF(ISERROR(IF($AN36="","",ROUND(SUM($R36,$AE36,$AN36),2))),"",IF($AN36="","",ROUND(SUM($R36,$AE36,$AN36),2))) | AP36: =IF(ISERROR(IF($AO36="","",VLOOKUP(AO36,Table!$B$3:$E$44,4,TRUE))),"",IF($AO36="","",VLOOKUP(AO36,Table!$B$3:$E$44,4,TRUE))) | AQ36: =IF(ISERROR(IF($AP36="","",VLOOKUP(AP36,Table!$H$12:$J$16,3,TRUE))),"",IF($AP36="","",VLOOKUP(AP36,Table!$H$12:$J$16,3,TRUE))) | AR36: =IF(AP36="","",VLOOKUP(ROUND(AP36,0),Table!$H$3:$J$7,3,TRUE))
A37: 26 | B37: ='INPUT DATA'!B37 -> 0 | P37: =IF(COUNT($F37:$O37)=0,"",SUM($F37:$O37)) | Q37: =IF(ISERROR(IF($P37="","",ROUND(($P37/$P$10)*$Q$10,2))),"",IF($P37="","",ROUND(($P37/$P$10)*$Q$10,2))) | R37: =IF($Q37="","",ROUND($Q37*$R$10,2)) | AC37: =IF(COUNT($S37:$AB37)=0,"",SUM($S37:$AB37)) | AD37: =IF(ISERROR(IF($AC37="","",ROUND(($AC37/$AC$10)*$AD$10,2))),"",IF($AC37="","",ROUND(($AC37/$AC$10)*$AD$10,2))) | AE37: =IF($AD37="","",ROUND($AD37*$AE$10,2)) | AL37: =IF(COUNT(AF37:AJ37)=0,"",SUM(AF37:AJ37)) | AM37: =IF(ISERROR(IF($AL37="","",ROUND(($AL37/$AL$10)*$AM$10,2))),"",IF($AL37="","",ROUND(($AL37/$AL$10)*$AM$10,2))) | AN37: =IF($AM37="","",ROUND($AM37*$AN$10,2)) | AO37: =IF(ISERROR(IF($AN37="","",ROUND(SUM($R37,$AE37,$AN37),2))),"",IF($AN37="","",ROUND(SUM($R37,$AE37,$AN37),2))) | AP37: =IF(ISERROR(IF($AO37="","",VLOOKUP(AO37,Table!$B$3:$E$44,4,TRUE))),"",IF($AO37="","",VLOOKUP(AO37,Table!$B$3:$E$44,4,TRUE))) | AQ37: =IF(ISERROR(IF($AP37="","",VLOOKUP(AP37,Table!$H$12:$J$16,3,TRUE))),"",IF($AP37="","",VLOOKUP(AP37,Table!$H$12:$J$16,3,TRUE))) | AR37: =IF(AP37="","",VLOOKUP(ROUND(AP37,0),Table!$H$3:$J$7,3,TRUE))
A38: 27 | B38: ='INPUT DATA'!B38 -> 0 | P38: =IF(COUNT($F38:$O38)=0,"",SUM($F38:$O38)) | Q38: =IF(ISERROR(IF($P38="","",ROUND(($P38/$P$10)*$Q$10,2))),"",IF($P38="","",ROUND(($P38/$P$10)*$Q$10,2))) | R38: =IF($Q38="","",ROUND($Q38*$R$10,2)) | AC38: =IF(COUNT($S38:$AB38)=0,"",SUM($S38:$AB38)) | AD38: =IF(ISERROR(IF($AC38="","",ROUND(($AC38/$AC$10)*$AD$10,2))),"",IF($AC38="","",ROUND(($AC38/$AC$10)*$AD$10,2))) | AE38: =IF($AD38="","",ROUND($AD38*$AE$10,2)) | AL38: =IF(COUNT(AF38:AJ38)=0,"",SUM(AF38:AJ38)) | AM38: =IF(ISERROR(IF($AL38="","",ROUND(($AL38/$AL$10)*$AM$10,2))),"",IF($AL38="","",ROUND(($AL38/$AL$10)*$AM$10,2))) | AN38: =IF($AM38="","",ROUND($AM38*$AN$10,2)) | AO38: =IF(ISERROR(IF($AN38="","",ROUND(SUM($R38,$AE38,$AN38),2))),"",IF($AN38="","",ROUND(SUM($R38,$AE38,$AN38),2))) | AP38: =IF(ISERROR(IF($AO38="","",VLOOKUP(AO38,Table!$B$3:$E$44,4,TRUE))),"",IF($AO38="","",VLOOKUP(AO38,Table!$B$3:$E$44,4,TRUE))) | AQ38: =IF(ISERROR(IF($AP38="","",VLOOKUP(AP38,Table!$H$12:$J$16,3,TRUE))),"",IF($AP38="","",VLOOKUP(AP38,Table!$H$12:$J$16,3,TRUE))) | AR38: =IF(AP38="","",VLOOKUP(ROUND(AP38,0),Table!$H$3:$J$7,3,TRUE))
A39: 28 | B39: ='INPUT DATA'!B39 -> 0 | P39: =IF(COUNT($F39:$O39)=0,"",SUM($F39:$O39)) | Q39: =IF(ISERROR(IF($P39="","",ROUND(($P39/$P$10)*$Q$10,2))),"",IF($P39="","",ROUND(($P39/$P$10)*$Q$10,2))) | R39: =IF($Q39="","",ROUND($Q39*$R$10,2)) | AC39: =IF(COUNT($S39:$AB39)=0,"",SUM($S39:$AB39)) | AD39: =IF(ISERROR(IF($AC39="","",ROUND(($AC39/$AC$10)*$AD$10,2))),"",IF($AC39="","",ROUND(($AC39/$AC$10)*$AD$10,2))) | AE39: =IF($AD39="","",ROUND($AD39*$AE$10,2)) | AL39: =IF(COUNT(AF39:AJ39)=0,"",SUM(AF39:AJ39)) | AM39: =IF(ISERROR(IF($AL39="","",ROUND(($AL39/$AL$10)*$AM$10,2))),"",IF($AL39="","",ROUND(($AL39/$AL$10)*$AM$10,2))) | AN39: =IF($AM39="","",ROUND($AM39*$AN$10,2)) | AO39: =IF(ISERROR(IF($AN39="","",ROUND(SUM($R39,$AE39,$AN39),2))),"",IF($AN39="","",ROUND(SUM($R39,$AE39,$AN39),2))) | AP39: =IF(ISERROR(IF($AO39="","",VLOOKUP(AO39,Table!$B$3:$E$44,4,TRUE))),"",IF($AO39="","",VLOOKUP(AO39,Table!$B$3:$E$44,4,TRUE))) | AQ39: =IF(ISERROR(IF($AP39="","",VLOOKUP(AP39,Table!$H$12:$J$16,3,TRUE))),"",IF($AP39="","",VLOOKUP(AP39,Table!$H$12:$J$16,3,TRUE))) | AR39: =IF(AP39="","",VLOOKUP(ROUND(AP39,0),Table!$H$3:$J$7,3,TRUE))
A40: 29 | B40: ='INPUT DATA'!B40 -> 0 | P40: =IF(COUNT($F40:$O40)=0,"",SUM($F40:$O40)) | Q40: =IF(ISERROR(IF($P40="","",ROUND(($P40/$P$10)*$Q$10,2))),"",IF($P40="","",ROUND(($P40/$P$10)*$Q$10,2))) | R40: =IF($Q40="","",ROUND($Q40*$R$10,2)) | AC40: =IF(COUNT($S40:$AB40)=0,"",SUM($S40:$AB40)) | AD40: =IF(ISERROR(IF($AC40="","",ROUND(($AC40/$AC$10)*$AD$10,2))),"",IF($AC40="","",ROUND(($AC40/$AC$10)*$AD$10,2))) | AE40: =IF($AD40="","",ROUND($AD40*$AE$10,2)) | AL40: =IF(COUNT(AF40:AJ40)=0,"",SUM(AF40:AJ40)) | AM40: =IF(ISERROR(IF($AL40="","",ROUND(($AL40/$AL$10)*$AM$10,2))),"",IF($AL40="","",ROUND(($AL40/$AL$10)*$AM$10,2))) | AN40: =IF($AM40="","",ROUND($AM40*$AN$10,2)) | AO40: =IF(ISERROR(IF($AN40="","",ROUND(SUM($R40,$AE40,$AN40),2))),"",IF($AN40="","",ROUND(SUM($R40,$AE40,$AN40),2))) | AP40: =IF(ISERROR(IF($AO40="","",VLOOKUP(AO40,Table!$B$3:$E$44,4,TRUE))),"",IF($AO40="","",VLOOKUP(AO40,Table!$B$3:$E$44,4,TRUE))) | AQ40: =IF(ISERROR(IF($AP40="","",VLOOKUP(AP40,Table!$H$12:$J$16,3,TRUE))),"",IF($AP40="","",VLOOKUP(AP40,Table!$H$12:$J$16,3,TRUE))) | AR40: =IF(AP40="","",VLOOKUP(ROUND(AP40,0),Table!$H$3:$J$7,3,TRUE))
A41: 30 | B41: ='INPUT DATA'!B41 -> 0 | P41: =IF(COUNT($F41:$O41)=0,"",SUM($F41:$O41)) | Q41: =IF(ISERROR(IF($P41="","",ROUND(($P41/$P$10)*$Q$10,2))),"",IF($P41="","",ROUND(($P41/$P$10)*$Q$10,2))) | R41: =IF($Q41="","",ROUND($Q41*$R$10,2)) | AC41: =IF(COUNT($S41:$AB41)=0,"",SUM($S41:$AB41)) | AD41: =IF(ISERROR(IF($AC41="","",ROUND(($AC41/$AC$10)*$AD$10,2))),"",IF($AC41="","",ROUND(($AC41/$AC$10)*$AD$10,2))) | AE41: =IF($AD41="","",ROUND($AD41*$AE$10,2)) | AL41: =IF(COUNT(AF41:AJ41)=0,"",SUM(AF41:AJ41)) | AM41: =IF(ISERROR(IF($AL41="","",ROUND(($AL41/$AL$10)*$AM$10,2))),"",IF($AL41="","",ROUND(($AL41/$AL$10)*$AM$10,2))) | AN41: =IF($AM41="","",ROUND($AM41*$AN$10,2)) | AO41: =IF(ISERROR(IF($AN41="","",ROUND(SUM($R41,$AE41,$AN41),2))),"",IF($AN41="","",ROUND(SUM($R41,$AE41,$AN41),2))) | AP41: =IF(ISERROR(IF($AO41="","",VLOOKUP(AO41,Table!$B$3:$E$44,4,TRUE))),"",IF($AO41="","",VLOOKUP(AO41,Table!$B$3:$E$44,4,TRUE))) | AQ41: =IF(ISERROR(IF($AP41="","",VLOOKUP(AP41,Table!$H$12:$J$16,3,TRUE))),"",IF($AP41="","",VLOOKUP(AP41,Table!$H$12:$J$16,3,TRUE))) | AR41: =IF(AP41="","",VLOOKUP(ROUND(AP41,0),Table!$H$3:$J$7,3,TRUE))
A42: 31 | B42: ='INPUT DATA'!B42 -> 0 | P42: =IF(COUNT($F42:$O42)=0,"",SUM($F42:$O42)) | Q42: =IF(ISERROR(IF($P42="","",ROUND(($P42/$P$10)*$Q$10,2))),"",IF($P42="","",ROUND(($P42/$P$10)*$Q$10,2))) | R42: =IF($Q42="","",ROUND($Q42*$R$10,2)) | AC42: =IF(COUNT($S42:$AB42)=0,"",SUM($S42:$AB42)) | AD42: =IF(ISERROR(IF($AC42="","",ROUND(($AC42/$AC$10)*$AD$10,2))),"",IF($AC42="","",ROUND(($AC42/$AC$10)*$AD$10,2))) | AE42: =IF($AD42="","",ROUND($AD42*$AE$10,2)) | AL42: =IF(COUNT(AF42:AJ42)=0,"",SUM(AF42:AJ42)) | AM42: =IF(ISERROR(IF($AL42="","",ROUND(($AL42/$AL$10)*$AM$10,2))),"",IF($AL42="","",ROUND(($AL42/$AL$10)*$AM$10,2))) | AN42: =IF($AM42="","",ROUND($AM42*$AN$10,2)) | AO42: =IF(ISERROR(IF($AN42="","",ROUND(SUM($R42,$AE42,$AN42),2))),"",IF($AN42="","",ROUND(SUM($R42,$AE42,$AN42),2))) | AP42: =IF(ISERROR(IF($AO42="","",VLOOKUP(AO42,Table!$B$3:$E$44,4,TRUE))),"",IF($AO42="","",VLOOKUP(AO42,Table!$B$3:$E$44,4,TRUE))) | AQ42: =IF(ISERROR(IF($AP42="","",VLOOKUP(AP42,Table!$H$12:$J$16,3,TRUE))),"",IF($AP42="","",VLOOKUP(AP42,Table!$H$12:$J$16,3,TRUE))) | AR42: =IF(AP42="","",VLOOKUP(ROUND(AP42,0),Table!$H$3:$J$7,3,TRUE))
A43: 32 | B43: ='INPUT DATA'!B43 -> 0 | P43: =IF(COUNT($F43:$O43)=0,"",SUM($F43:$O43)) | Q43: =IF(ISERROR(IF($P43="","",ROUND(($P43/$P$10)*$Q$10,2))),"",IF($P43="","",ROUND(($P43/$P$10)*$Q$10,2))) | R43: =IF($Q43="","",ROUND($Q43*$R$10,2)) | AC43: =IF(COUNT($S43:$AB43)=0,"",SUM($S43:$AB43)) | AD43: =IF(ISERROR(IF($AC43="","",ROUND(($AC43/$AC$10)*$AD$10,2))),"",IF($AC43="","",ROUND(($AC43/$AC$10)*$AD$10,2))) | AE43: =IF($AD43="","",ROUND($AD43*$AE$10,2)) | AL43: =IF(COUNT(AF43:AJ43)=0,"",SUM(AF43:AJ43)) | AM43: =IF(ISERROR(IF($AL43="","",ROUND(($AL43/$AL$10)*$AM$10,2))),"",IF($AL43="","",ROUND(($AL43/$AL$10)*$AM$10,2))) | AN43: =IF($AM43="","",ROUND($AM43*$AN$10,2)) | AO43: =IF(ISERROR(IF($AN43="","",ROUND(SUM($R43,$AE43,$AN43),2))),"",IF($AN43="","",ROUND(SUM($R43,$AE43,$AN43),2))) | AP43: =IF(ISERROR(IF($AO43="","",VLOOKUP(AO43,Table!$B$3:$E$44,4,TRUE))),"",IF($AO43="","",VLOOKUP(AO43,Table!$B$3:$E$44,4,TRUE))) | AQ43: =IF(ISERROR(IF($AP43="","",VLOOKUP(AP43,Table!$H$12:$J$16,3,TRUE))),"",IF($AP43="","",VLOOKUP(AP43,Table!$H$12:$J$16,3,TRUE))) | AR43: =IF(AP43="","",VLOOKUP(ROUND(AP43,0),Table!$H$3:$J$7,3,TRUE))
A44: 33 | B44: ='INPUT DATA'!B44 -> 0 | P44: =IF(COUNT($F44:$O44)=0,"",SUM($F44:$O44)) | Q44: =IF(ISERROR(IF($P44="","",ROUND(($P44/$P$10)*$Q$10,2))),"",IF($P44="","",ROUND(($P44/$P$10)*$Q$10,2))) | R44: =IF($Q44="","",ROUND($Q44*$R$10,2)) | AC44: =IF(COUNT($S44:$AB44)=0,"",SUM($S44:$AB44)) | AD44: =IF(ISERROR(IF($AC44="","",ROUND(($AC44/$AC$10)*$AD$10,2))),"",IF($AC44="","",ROUND(($AC44/$AC$10)*$AD$10,2))) | AE44: =IF($AD44="","",ROUND($AD44*$AE$10,2)) | AL44: =IF(COUNT(AF44:AJ44)=0,"",SUM(AF44:AJ44)) | AM44: =IF(ISERROR(IF($AL44="","",ROUND(($AL44/$AL$10)*$AM$10,2))),"",IF($AL44="","",ROUND(($AL44/$AL$10)*$AM$10,2))) | AN44: =IF($AM44="","",ROUND($AM44*$AN$10,2)) | AO44: =IF(ISERROR(IF($AN44="","",ROUND(SUM($R44,$AE44,$AN44),2))),"",IF($AN44="","",ROUND(SUM($R44,$AE44,$AN44),2))) | AP44: =IF(ISERROR(IF($AO44="","",VLOOKUP(AO44,Table!$B$3:$E$44,4,TRUE))),"",IF($AO44="","",VLOOKUP(AO44,Table!$B$3:$E$44,4,TRUE))) | AQ44: =IF(ISERROR(IF($AP44="","",VLOOKUP(AP44,Table!$H$12:$J$16,3,TRUE))),"",IF($AP44="","",VLOOKUP(AP44,Table!$H$12:$J$16,3,TRUE))) | AR44: =IF(AP44="","",VLOOKUP(ROUND(AP44,0),Table!$H$3:$J$7,3,TRUE))
A45: 34 | B45: ='INPUT DATA'!B45 -> 0 | P45: =IF(COUNT($F45:$O45)=0,"",SUM($F45:$O45)) | Q45: =IF(ISERROR(IF($P45="","",ROUND(($P45/$P$10)*$Q$10,2))),"",IF($P45="","",ROUND(($P45/$P$10)*$Q$10,2))) | R45: =IF($Q45="","",ROUND($Q45*$R$10,2)) | AC45: =IF(COUNT($S45:$AB45)=0,"",SUM($S45:$AB45)) | AD45: =IF(ISERROR(IF($AC45="","",ROUND(($AC45/$AC$10)*$AD$10,2))),"",IF($AC45="","",ROUND(($AC45/$AC$10)*$AD$10,2))) | AE45: =IF($AD45="","",ROUND($AD45*$AE$10,2)) | AL45: =IF(COUNT(AF45:AJ45)=0,"",SUM(AF45:AJ45)) | AM45: =IF(ISERROR(IF($AL45="","",ROUND(($AL45/$AL$10)*$AM$10,2))),"",IF($AL45="","",ROUND(($AL45/$AL$10)*$AM$10,2))) | AN45: =IF($AM45="","",ROUND($AM45*$AN$10,2)) | AO45: =IF(ISERROR(IF($AN45="","",ROUND(SUM($R45,$AE45,$AN45),2))),"",IF($AN45="","",ROUND(SUM($R45,$AE45,$AN45),2))) | AP45: =IF(ISERROR(IF($AO45="","",VLOOKUP(AO45,Table!$B$3:$E$44,4,TRUE))),"",IF($AO45="","",VLOOKUP(AO45,Table!$B$3:$E$44,4,TRUE))) | AQ45: =IF(ISERROR(IF($AP45="","",VLOOKUP(AP45,Table!$H$12:$J$16,3,TRUE))),"",IF($AP45="","",VLOOKUP(AP45,Table!$H$12:$J$16,3,TRUE))) | AR45: =IF(AP45="","",VLOOKUP(ROUND(AP45,0),Table!$H$3:$J$7,3,TRUE))
... A51: 40 | B51: ='INPUT DATA'!B51 -> 0 | P51: =IF(COUNT($F51:$O51)=0,"",SUM($F51:$O51)) | Q51: =IF(ISERROR(IF($P51="","",ROUND(($P51/$P$10)*$Q$10,2))),"",IF($P51="","",ROUND(($P51/$P$10)*$Q$10,2))) | R51: =IF($Q51="","",ROUND($Q51*$R$10,2)) | AC51: =IF(COUNT($S51:$AB51)=0,"",SUM($S51:$AB51)) | AD51: =IF(ISERROR(IF($AC51="","",ROUND(($AC51/$AC$10)*$AD$10,2))),"",IF($AC51="","",ROUND(($AC51/$AC$10)*$AD$10,2))) | AE51: =IF($AD51="","",ROUND($AD51*$AE$10,2)) | AL51: =IF(COUNT(AF51:AJ51)=0,"",SUM(AF51:AJ51)) | AM51: =IF(ISERROR(IF($AL51="","",ROUND(($AL51/$AL$10)*$AM$10,2))),"",IF($AL51="","",ROUND(($AL51/$AL$10)*$AM$10,2))) | AN51: =IF($AM51="","",ROUND($AM51*$AN$10,2)) | AO51: =IF(ISERROR(IF($AN51="","",ROUND(SUM($R51,$AE51,$AN51),2))),"",IF($AN51="","",ROUND(SUM($R51,$AE51,$AN51),2))) | AP51: =IF(ISERROR(IF($AO51="","",VLOOKUP(AO51,Table!$B$3:$E$44,4,TRUE))),"",IF($AO51="","",VLOOKUP(AO51,Table!$B$3:$E$44,4,TRUE))) | AQ51: =IF(ISERROR(IF($AP51="","",VLOOKUP(AP51,Table!$H$12:$J$16,3,TRUE))),"",IF($AP51="","",VLOOKUP(AP51,Table!$H$12:$J$16,3,TRUE))) | AR51: =IF(AP51="","",VLOOKUP(ROUND(AP51,0),Table!$H$3:$J$7,3,TRUE))
A52: 41 | B52: ='INPUT DATA'!B52 -> 0 | AL52: =IF(COUNT(AF52:AJ52)=0,"",SUM(AF52:AJ52)) | AM52: =IF(ISERROR(IF($AL52="","",ROUND(($AL52/$AL$10)*$AM$10,2))),"",IF($AL52="","",ROUND(($AL52/$AL$10)*$AM$10,2))) | AO52: =IF(ISERROR(IF($AN52="","",ROUND(SUM($R52,$AE52,$AN52),2))),"",IF($AN52="","",ROUND(SUM($R52,$AE52,$AN52),2))) | AP52: =IF(ISERROR(IF($AO52="","",VLOOKUP(AO52,Table!$B$3:$E$44,4,TRUE))),"",IF($AO52="","",VLOOKUP(AO52,Table!$B$3:$E$44,4,TRUE))) | AQ52: =IF(ISERROR(IF($AP52="","",VLOOKUP(AP52,Table!$H$12:$J$16,3,TRUE))),"",IF($AP52="","",VLOOKUP(AP52,Table!$H$12:$J$16,3,TRUE)))
A53: 42 | B53: ='INPUT DATA'!B53 -> 0 | AL53: =IF(COUNT(AF53:AJ53)=0,"",SUM(AF53:AJ53)) | AM53: =IF(ISERROR(IF($AL53="","",ROUND(($AL53/$AL$10)*$AM$10,2))),"",IF($AL53="","",ROUND(($AL53/$AL$10)*$AM$10,2))) | AO53: =IF(ISERROR(IF($AN53="","",ROUND(SUM($R53,$AE53,$AN53),2))),"",IF($AN53="","",ROUND(SUM($R53,$AE53,$AN53),2))) | AP53: =IF(ISERROR(IF($AO53="","",VLOOKUP(AO53,Table!$B$3:$E$44,4,TRUE))),"",IF($AO53="","",VLOOKUP(AO53,Table!$B$3:$E$44,4,TRUE))) | AQ53: =IF(ISERROR(IF($AP53="","",VLOOKUP(AP53,Table!$H$12:$J$16,3,TRUE))),"",IF($AP53="","",VLOOKUP(AP53,Table!$H$12:$J$16,3,TRUE)))
A54: 43 | B54: ='INPUT DATA'!B54 -> 0 | AL54: =IF(COUNT(AF54:AJ54)=0,"",SUM(AF54:AJ54)) | AM54: =IF(ISERROR(IF($AL54="","",ROUND(($AL54/$AL$10)*$AM$10,2))),"",IF($AL54="","",ROUND(($AL54/$AL$10)*$AM$10,2))) | AO54: =IF(ISERROR(IF($AN54="","",ROUND(SUM($R54,$AE54,$AN54),2))),"",IF($AN54="","",ROUND(SUM($R54,$AE54,$AN54),2))) | AP54: =IF(ISERROR(IF($AO54="","",VLOOKUP(AO54,Table!$B$3:$E$44,4,TRUE))),"",IF($AO54="","",VLOOKUP(AO54,Table!$B$3:$E$44,4,TRUE))) | AQ54: =IF(ISERROR(IF($AP54="","",VLOOKUP(AP54,Table!$H$12:$J$16,3,TRUE))),"",IF($AP54="","",VLOOKUP(AP54,Table!$H$12:$J$16,3,TRUE)))
A55: 44 | B55: ='INPUT DATA'!B55 -> 0 | AL55: =IF(COUNT(AF55:AJ55)=0,"",SUM(AF55:AJ55)) | AM55: =IF(ISERROR(IF($AL55="","",ROUND(($AL55/$AL$10)*$AM$10,2))),"",IF($AL55="","",ROUND(($AL55/$AL$10)*$AM$10,2))) | AO55: =IF(ISERROR(IF($AN55="","",ROUND(SUM($R55,$AE55,$AN55),2))),"",IF($AN55="","",ROUND(SUM($R55,$AE55,$AN55),2))) | AP55: =IF(ISERROR(IF($AO55="","",VLOOKUP(AO55,Table!$B$3:$E$44,4,TRUE))),"",IF($AO55="","",VLOOKUP(AO55,Table!$B$3:$E$44,4,TRUE))) | AQ55: =IF(ISERROR(IF($AP55="","",VLOOKUP(AP55,Table!$H$12:$J$16,3,TRUE))),"",IF($AP55="","",VLOOKUP(AP55,Table!$H$12:$J$16,3,TRUE)))
A56: 45 | B56: ='INPUT DATA'!B56 -> 0 | AL56: =IF(COUNT(AF56:AJ56)=0,"",SUM(AF56:AJ56)) | AM56: =IF(ISERROR(IF($AL56="","",ROUND(($AL56/$AL$10)*$AM$10,2))),"",IF($AL56="","",ROUND(($AL56/$AL$10)*$AM$10,2))) | AO56: =IF(ISERROR(IF($AN56="","",ROUND(SUM($R56,$AE56,$AN56),2))),"",IF($AN56="","",ROUND(SUM($R56,$AE56,$AN56),2))) | AP56: =IF(ISERROR(IF($AO56="","",VLOOKUP(AO56,Table!$B$3:$E$44,4,TRUE))),"",IF($AO56="","",VLOOKUP(AO56,Table!$B$3:$E$44,4,TRUE))) | AQ56: =IF(ISERROR(IF($AP56="","",VLOOKUP(AP56,Table!$H$12:$J$16,3,TRUE))),"",IF($AP56="","",VLOOKUP(AP56,Table!$H$12:$J$16,3,TRUE)))
A57: 46 | B57: ='INPUT DATA'!B57 -> 0 | AL57: =IF(COUNT(AF57:AJ57)=0,"",SUM(AF57:AJ57)) | AM57: =IF(ISERROR(IF($AL57="","",ROUND(($AL57/$AL$10)*$AM$10,2))),"",IF($AL57="","",ROUND(($AL57/$AL$10)*$AM$10,2))) | AO57: =IF(ISERROR(IF($AN57="","",ROUND(SUM($R57,$AE57,$AN57),2))),"",IF($AN57="","",ROUND(SUM($R57,$AE57,$AN57),2))) | AP57: =IF(ISERROR(IF($AO57="","",VLOOKUP(AO57,Table!$B$3:$E$44,4,TRUE))),"",IF($AO57="","",VLOOKUP(AO57,Table!$B$3:$E$44,4,TRUE))) | AQ57: =IF(ISERROR(IF($AP57="","",VLOOKUP(AP57,Table!$H$12:$J$16,3,TRUE))),"",IF($AP57="","",VLOOKUP(AP57,Table!$H$12:$J$16,3,TRUE)))
A58: 47 | B58: ='INPUT DATA'!B58 -> 0 | AL58: =IF(COUNT(AF58:AJ58)=0,"",SUM(AF58:AJ58)) | AM58: =IF(ISERROR(IF($AL58="","",ROUND(($AL58/$AL$10)*$AM$10,2))),"",IF($AL58="","",ROUND(($AL58/$AL$10)*$AM$10,2))) | AO58: =IF(ISERROR(IF($AN58="","",ROUND(SUM($R58,$AE58,$AN58),2))),"",IF($AN58="","",ROUND(SUM($R58,$AE58,$AN58),2))) | AP58: =IF(ISERROR(IF($AO58="","",VLOOKUP(AO58,Table!$B$3:$E$44,4,TRUE))),"",IF($AO58="","",VLOOKUP(AO58,Table!$B$3:$E$44,4,TRUE))) | AQ58: =IF(ISERROR(IF($AP58="","",VLOOKUP(AP58,Table!$H$12:$J$16,3,TRUE))),"",IF($AP58="","",VLOOKUP(AP58,Table!$H$12:$J$16,3,TRUE)))
A59: 48 | B59: ='INPUT DATA'!B59 -> 0 | AL59: =IF(COUNT(AF59:AJ59)=0,"",SUM(AF59:AJ59)) | AM59: =IF(ISERROR(IF($AL59="","",ROUND(($AL59/$AL$10)*$AM$10,2))),"",IF($AL59="","",ROUND(($AL59/$AL$10)*$AM$10,2))) | AO59: =IF(ISERROR(IF($AN59="","",ROUND(SUM($R59,$AE59,$AN59),2))),"",IF($AN59="","",ROUND(SUM($R59,$AE59,$AN59),2))) | AP59: =IF(ISERROR(IF($AO59="","",VLOOKUP(AO59,Table!$B$3:$E$44,4,TRUE))),"",IF($AO59="","",VLOOKUP(AO59,Table!$B$3:$E$44,4,TRUE))) | AQ59: =IF(ISERROR(IF($AP59="","",VLOOKUP(AP59,Table!$H$12:$J$16,3,TRUE))),"",IF($AP59="","",VLOOKUP(AP59,Table!$H$12:$J$16,3,TRUE)))
A60: 49 | B60: ='INPUT DATA'!B60 -> 0 | AL60: =IF(COUNT(AF60:AJ60)=0,"",SUM(AF60:AJ60)) | AM60: =IF(ISERROR(IF($AL60="","",ROUND(($AL60/$AL$10)*$AM$10,2))),"",IF($AL60="","",ROUND(($AL60/$AL$10)*$AM$10,2))) | AO60: =IF(ISERROR(IF($AN60="","",ROUND(SUM($R60,$AE60,$AN60),2))),"",IF($AN60="","",ROUND(SUM($R60,$AE60,$AN60),2))) | AP60: =IF(ISERROR(IF($AO60="","",VLOOKUP(AO60,Table!$B$3:$E$44,4,TRUE))),"",IF($AO60="","",VLOOKUP(AO60,Table!$B$3:$E$44,4,TRUE))) | AQ60: =IF(ISERROR(IF($AP60="","",VLOOKUP(AP60,Table!$H$12:$J$16,3,TRUE))),"",IF($AP60="","",VLOOKUP(AP60,Table!$H$12:$J$16,3,TRUE)))
A61: 50 | B61: ='INPUT DATA'!B61 -> 0 | AL61: =IF(COUNT(AF61:AJ61)=0,"",SUM(AF61:AJ61)) | AM61: =IF(ISERROR(IF($AL61="","",ROUND(($AL61/$AL$10)*$AM$10,2))),"",IF($AL61="","",ROUND(($AL61/$AL$10)*$AM$10,2))) | AO61: =IF(ISERROR(IF($AN61="","",ROUND(SUM($R61,$AE61,$AN61),2))),"",IF($AN61="","",ROUND(SUM($R61,$AE61,$AN61),2))) | AP61: =IF(ISERROR(IF($AO61="","",VLOOKUP(AO61,Table!$B$3:$E$44,4,TRUE))),"",IF($AO61="","",VLOOKUP(AO61,Table!$B$3:$E$44,4,TRUE))) | AQ61: =IF(ISERROR(IF($AP61="","",VLOOKUP(AP61,Table!$H$12:$J$16,3,TRUE))),"",IF($AP61="","",VLOOKUP(AP61,Table!$H$12:$J$16,3,TRUE)))
A62: 51 | B62: ='INPUT DATA'!B62 -> 0 | P62: =IF(COUNT($F62:$O62)=0,"",SUM($F62:$O62)) | Q62: =IF(ISERROR(IF($P62="","",ROUND(($P62/$P$10)*$Q$10,2))),"",IF($P62="","",ROUND(($P62/$P$10)*$Q$10,2))) | R62: =IF($Q62="","",ROUND($Q62*$R$10,2)) | AC62: =IF(COUNT($S62:$AB62)=0,"",SUM($S62:$AB62)) | AD62: =IF(ISERROR(IF($AC62="","",ROUND(($AC62/$AC$10)*$AD$10,2))),"",IF($AC62="","",ROUND(($AC62/$AC$10)*$AD$10,2))) | AE62: =IF($AD62="","",ROUND($AD62*$AE$10,2)) | AL62: =IF(COUNT(AF62:AJ62)=0,"",SUM(AF62:AJ62)) | AM62: =IF(ISERROR(IF($AL62="","",ROUND(($AL62/$AL$10)*$AM$10,2))),"",IF($AL62="","",ROUND(($AL62/$AL$10)*$AM$10,2))) | AN62: =IF($AM62="","",ROUND($AM62*$AN$10,2)) | AO62: =IF(ISERROR(IF($AN62="","",ROUND(SUM($R62,$AE62,$AN62),2))),"",IF($AN62="","",ROUND(SUM($R62,$AE62,$AN62),2))) | AP62: =IF(ISERROR(IF($AO62="","",VLOOKUP(AO62,Table!$B$3:$E$44,4,TRUE))),"",IF($AO62="","",VLOOKUP(AO62,Table!$B$3:$E$44,4,TRUE))) | AQ62: =IF(ISERROR(IF($AP62="","",VLOOKUP(AP62,Table!$H$12:$J$16,3,TRUE))),"",IF($AP62="","",VLOOKUP(AP62,Table!$H$12:$J$16,3,TRUE))) | AR62: =IF(AP62="","",VLOOKUP(ROUND(AP62,0),Table!$H$3:$J$7,3,TRUE))
A63: 52 | B63: ='INPUT DATA'!B63 -> 0 | P63: =IF(COUNT($F63:$O63)=0,"",SUM($F63:$O63)) | Q63: =IF(ISERROR(IF($P63="","",ROUND(($P63/$P$10)*$Q$10,2))),"",IF($P63="","",ROUND(($P63/$P$10)*$Q$10,2))) | R63: =IF($Q63="","",ROUND($Q63*$R$10,2)) | AC63: =IF(COUNT($S63:$AB63)=0,"",SUM($S63:$AB63)) | AD63: =IF(ISERROR(IF($AC63="","",ROUND(($AC63/$AC$10)*$AD$10,2))),"",IF($AC63="","",ROUND(($AC63/$AC$10)*$AD$10,2))) | AE63: =IF($AD63="","",ROUND($AD63*$AE$10,2)) | AL63: =IF(COUNT(AF63:AJ63)=0,"",SUM(AF63:AJ63)) | AM63: =IF(ISERROR(IF($AL63="","",ROUND(($AL63/$AL$10)*$AM$10,2))),"",IF($AL63="","",ROUND(($AL63/$AL$10)*$AM$10,2))) | AN63: =IF($AM63="","",ROUND($AM63*$AN$10,2)) | AO63: =IF(ISERROR(IF($AN63="","",ROUND(SUM($R63,$AE63,$AN63),2))),"",IF($AN63="","",ROUND(SUM($R63,$AE63,$AN63),2))) | AP63: =IF(ISERROR(IF($AO63="","",VLOOKUP(AO63,Table!$B$3:$E$44,4,TRUE))),"",IF($AO63="","",VLOOKUP(AO63,Table!$B$3:$E$44,4,TRUE))) | AQ63: =IF(ISERROR(IF($AP63="","",VLOOKUP(AP63,Table!$H$12:$J$16,3,TRUE))),"",IF($AP63="","",VLOOKUP(AP63,Table!$H$12:$J$16,3,TRUE))) | AR63: =IF(AP63="","",VLOOKUP(ROUND(AP63,0),Table!$H$3:$J$7,3,TRUE))
A64: 53 | B64: ='INPUT DATA'!B64 -> 0 | P64: =IF(COUNT($F64:$O64)=0,"",SUM($F64:$O64)) | Q64: =IF(ISERROR(IF($P64="","",ROUND(($P64/$P$10)*$Q$10,2))),"",IF($P64="","",ROUND(($P64/$P$10)*$Q$10,2))) | R64: =IF($Q64="","",ROUND($Q64*$R$10,2)) | AC64: =IF(COUNT($S64:$AB64)=0,"",SUM($S64:$AB64)) | AD64: =IF(ISERROR(IF($AC64="","",ROUND(($AC64/$AC$10)*$AD$10,2))),"",IF($AC64="","",ROUND(($AC64/$AC$10)*$AD$10,2))) | AE64: =IF($AD64="","",ROUND($AD64*$AE$10,2)) | AL64: =IF(COUNT(AF64:AJ64)=0,"",SUM(AF64:AJ64)) | AM64: =IF(ISERROR(IF($AL64="","",ROUND(($AL64/$AL$10)*$AM$10,2))),"",IF($AL64="","",ROUND(($AL64/$AL$10)*$AM$10,2))) | AN64: =IF($AM64="","",ROUND($AM64*$AN$10,2)) | AO64: =IF(ISERROR(IF($AN64="","",ROUND(SUM($R64,$AE64,$AN64),2))),"",IF($AN64="","",ROUND(SUM($R64,$AE64,$AN64),2))) | AP64: =IF(ISERROR(IF($AO64="","",VLOOKUP(AO64,Table!$B$3:$E$44,4,TRUE))),"",IF($AO64="","",VLOOKUP(AO64,Table!$B$3:$E$44,4,TRUE))) | AQ64: =IF(ISERROR(IF($AP64="","",VLOOKUP(AP64,Table!$H$12:$J$16,3,TRUE))),"",IF($AP64="","",VLOOKUP(AP64,Table!$H$12:$J$16,3,TRUE))) | AR64: =IF(AP64="","",VLOOKUP(ROUND(AP64,0),Table!$H$3:$J$7,3,TRUE))
A65: 54 | B65: ='INPUT DATA'!B65 -> 0 | P65: =IF(COUNT($F65:$O65)=0,"",SUM($F65:$O65)) | Q65: =IF(ISERROR(IF($P65="","",ROUND(($P65/$P$10)*$Q$10,2))),"",IF($P65="","",ROUND(($P65/$P$10)*$Q$10,2))) | R65: =IF($Q65="","",ROUND($Q65*$R$10,2)) | AC65: =IF(COUNT($S65:$AB65)=0,"",SUM($S65:$AB65)) | AD65: =IF(ISERROR(IF($AC65="","",ROUND(($AC65/$AC$10)*$AD$10,2))),"",IF($AC65="","",ROUND(($AC65/$AC$10)*$AD$10,2))) | AE65: =IF($AD65="","",ROUND($AD65*$AE$10,2)) | AL65: =IF(COUNT(AF65:AJ65)=0,"",SUM(AF65:AJ65)) | AM65: =IF(ISERROR(IF($AL65="","",ROUND(($AL65/$AL$10)*$AM$10,2))),"",IF($AL65="","",ROUND(($AL65/$AL$10)*$AM$10,2))) | AN65: =IF($AM65="","",ROUND($AM65*$AN$10,2)) | AO65: =IF(ISERROR(IF($AN65="","",ROUND(SUM($R65,$AE65,$AN65),2))),"",IF($AN65="","",ROUND(SUM($R65,$AE65,$AN65),2))) | AP65: =IF(ISERROR(IF($AO65="","",VLOOKUP(AO65,Table!$B$3:$E$44,4,TRUE))),"",IF($AO65="","",VLOOKUP(AO65,Table!$B$3:$E$44,4,TRUE))) | AQ65: =IF(ISERROR(IF($AP65="","",VLOOKUP(AP65,Table!$H$12:$J$16,3,TRUE))),"",IF($AP65="","",VLOOKUP(AP65,Table!$H$12:$J$16,3,TRUE))) | AR65: =IF(AP65="","",VLOOKUP(ROUND(AP65,0),Table!$H$3:$J$7,3,TRUE))
A66: 55 | B66: ='INPUT DATA'!B66 -> 0 | P66: =IF(COUNT($F66:$O66)=0,"",SUM($F66:$O66)) | Q66: =IF(ISERROR(IF($P66="","",ROUND(($P66/$P$10)*$Q$10,2))),"",IF($P66="","",ROUND(($P66/$P$10)*$Q$10,2))) | R66: =IF($Q66="","",ROUND($Q66*$R$10,2)) | AC66: =IF(COUNT($S66:$AB66)=0,"",SUM($S66:$AB66)) | AD66: =IF(ISERROR(IF($AC66="","",ROUND(($AC66/$AC$10)*$AD$10,2))),"",IF($AC66="","",ROUND(($AC66/$AC$10)*$AD$10,2))) | AE66: =IF($AD66="","",ROUND($AD66*$AE$10,2)) | AL66: =IF(COUNT(AF66:AJ66)=0,"",SUM(AF66:AJ66)) | AM66: =IF(ISERROR(IF($AL66="","",ROUND(($AL66/$AL$10)*$AM$10,2))),"",IF($AL66="","",ROUND(($AL66/$AL$10)*$AM$10,2))) | AN66: =IF($AM66="","",ROUND($AM66*$AN$10,2)) | AO66: =IF(ISERROR(IF($AN66="","",ROUND(SUM($R66,$AE66,$AN66),2))),"",IF($AN66="","",ROUND(SUM($R66,$AE66,$AN66),2))) | AP66: =IF(ISERROR(IF($AO66="","",VLOOKUP(AO66,Table!$B$3:$E$44,4,TRUE))),"",IF($AO66="","",VLOOKUP(AO66,Table!$B$3:$E$44,4,TRUE))) | AQ66: =IF(ISERROR(IF($AP66="","",VLOOKUP(AP66,Table!$H$12:$J$16,3,TRUE))),"",IF($AP66="","",VLOOKUP(AP66,Table!$H$12:$J$16,3,TRUE))) | AR66: =IF(AP66="","",VLOOKUP(ROUND(AP66,0),Table!$H$3:$J$7,3,TRUE))
A67: 56 | B67: ='INPUT DATA'!B67 -> 0 | P67: =IF(COUNT($F67:$O67)=0,"",SUM($F67:$O67)) | Q67: =IF(ISERROR(IF($P67="","",ROUND(($P67/$P$10)*$Q$10,2))),"",IF($P67="","",ROUND(($P67/$P$10)*$Q$10,2))) | R67: =IF($Q67="","",ROUND($Q67*$R$10,2)) | AC67: =IF(COUNT($S67:$AB67)=0,"",SUM($S67:$AB67)) | AD67: =IF(ISERROR(IF($AC67="","",ROUND(($AC67/$AC$10)*$AD$10,2))),"",IF($AC67="","",ROUND(($AC67/$AC$10)*$AD$10,2))) | AE67: =IF($AD67="","",ROUND($AD67*$AE$10,2)) | AL67: =IF(COUNT(AF67:AJ67)=0,"",SUM(AF67:AJ67)) | AM67: =IF(ISERROR(IF($AL67="","",ROUND(($AL67/$AL$10)*$AM$10,2))),"",IF($AL67="","",ROUND(($AL67/$AL$10)*$AM$10,2))) | AN67: =IF($AM67="","",ROUND($AM67*$AN$10,2)) | AO67: =IF(ISERROR(IF($AN67="","",ROUND(SUM($R67,$AE67,$AN67),2))),"",IF($AN67="","",ROUND(SUM($R67,$AE67,$AN67),2))) | AP67: =IF(ISERROR(IF($AO67="","",VLOOKUP(AO67,Table!$B$3:$E$44,4,TRUE))),"",IF($AO67="","",VLOOKUP(AO67,Table!$B$3:$E$44,4,TRUE))) | AQ67: =IF(ISERROR(IF($AP67="","",VLOOKUP(AP67,Table!$H$12:$J$16,3,TRUE))),"",IF($AP67="","",VLOOKUP(AP67,Table!$H$12:$J$16,3,TRUE))) | AR67: =IF(AP67="","",VLOOKUP(ROUND(AP67,0),Table!$H$3:$J$7,3,TRUE))
A68: 57 | B68: ='INPUT DATA'!B68 -> 0 | P68: =IF(COUNT($F68:$O68)=0,"",SUM($F68:$O68)) | Q68: =IF(ISERROR(IF($P68="","",ROUND(($P68/$P$10)*$Q$10,2))),"",IF($P68="","",ROUND(($P68/$P$10)*$Q$10,2))) | R68: =IF($Q68="","",ROUND($Q68*$R$10,2)) | AC68: =IF(COUNT($S68:$AB68)=0,"",SUM($S68:$AB68)) | AD68: =IF(ISERROR(IF($AC68="","",ROUND(($AC68/$AC$10)*$AD$10,2))),"",IF($AC68="","",ROUND(($AC68/$AC$10)*$AD$10,2))) | AE68: =IF($AD68="","",ROUND($AD68*$AE$10,2)) | AL68: =IF(COUNT(AF68:AJ68)=0,"",SUM(AF68:AJ68)) | AM68: =IF(ISERROR(IF($AL68="","",ROUND(($AL68/$AL$10)*$AM$10,2))),"",IF($AL68="","",ROUND(($AL68/$AL$10)*$AM$10,2))) | AN68: =IF($AM68="","",ROUND($AM68*$AN$10,2)) | AO68: =IF(ISERROR(IF($AN68="","",ROUND(SUM($R68,$AE68,$AN68),2))),"",IF($AN68="","",ROUND(SUM($R68,$AE68,$AN68),2))) | AP68: =IF(ISERROR(IF($AO68="","",VLOOKUP(AO68,Table!$B$3:$E$44,4,TRUE))),"",IF($AO68="","",VLOOKUP(AO68,Table!$B$3:$E$44,4,TRUE))) | AQ68: =IF(ISERROR(IF($AP68="","",VLOOKUP(AP68,Table!$H$12:$J$16,3,TRUE))),"",IF($AP68="","",VLOOKUP(AP68,Table!$H$12:$J$16,3,TRUE))) | AR68: =IF(AP68="","",VLOOKUP(ROUND(AP68,0),Table!$H$3:$J$7,3,TRUE))
A69: 58 | B69: ='INPUT DATA'!B69 -> 0 | P69: =IF(COUNT($F69:$O69)=0,"",SUM($F69:$O69)) | Q69: =IF(ISERROR(IF($P69="","",ROUND(($P69/$P$10)*$Q$10,2))),"",IF($P69="","",ROUND(($P69/$P$10)*$Q$10,2))) | R69: =IF($Q69="","",ROUND($Q69*$R$10,2)) | AC69: =IF(COUNT($S69:$AB69)=0,"",SUM($S69:$AB69)) | AD69: =IF(ISERROR(IF($AC69="","",ROUND(($AC69/$AC$10)*$AD$10,2))),"",IF($AC69="","",ROUND(($AC69/$AC$10)*$AD$10,2))) | AE69: =IF($AD69="","",ROUND($AD69*$AE$10,2)) | AL69: =IF(COUNT(AF69:AJ69)=0,"",SUM(AF69:AJ69)) | AM69: =IF(ISERROR(IF($AL69="","",ROUND(($AL69/$AL$10)*$AM$10,2))),"",IF($AL69="","",ROUND(($AL69/$AL$10)*$AM$10,2))) | AN69: =IF($AM69="","",ROUND($AM69*$AN$10,2)) | AO69: =IF(ISERROR(IF($AN69="","",ROUND(SUM($R69,$AE69,$AN69),2))),"",IF($AN69="","",ROUND(SUM($R69,$AE69,$AN69),2))) | AP69: =IF(ISERROR(IF($AO69="","",VLOOKUP(AO69,Table!$B$3:$E$44,4,TRUE))),"",IF($AO69="","",VLOOKUP(AO69,Table!$B$3:$E$44,4,TRUE))) | AQ69: =IF(ISERROR(IF($AP69="","",VLOOKUP(AP69,Table!$H$12:$J$16,3,TRUE))),"",IF($AP69="","",VLOOKUP(AP69,Table!$H$12:$J$16,3,TRUE))) | AR69: =IF(AP69="","",VLOOKUP(ROUND(AP69,0),Table!$H$3:$J$7,3,TRUE))
A70: 59 | B70: ='INPUT DATA'!B70 -> 0 | P70: =IF(COUNT($F70:$O70)=0,"",SUM($F70:$O70)) | Q70: =IF(ISERROR(IF($P70="","",ROUND(($P70/$P$10)*$Q$10,2))),"",IF($P70="","",ROUND(($P70/$P$10)*$Q$10,2))) | R70: =IF($Q70="","",ROUND($Q70*$R$10,2)) | AC70: =IF(COUNT($S70:$AB70)=0,"",SUM($S70:$AB70)) | AD70: =IF(ISERROR(IF($AC70="","",ROUND(($AC70/$AC$10)*$AD$10,2))),"",IF($AC70="","",ROUND(($AC70/$AC$10)*$AD$10,2))) | AE70: =IF($AD70="","",ROUND($AD70*$AE$10,2)) | AL70: =IF(COUNT(AF70:AJ70)=0,"",SUM(AF70:AJ70)) | AM70: =IF(ISERROR(IF($AL70="","",ROUND(($AL70/$AL$10)*$AM$10,2))),"",IF($AL70="","",ROUND(($AL70/$AL$10)*$AM$10,2))) | AN70: =IF($AM70="","",ROUND($AM70*$AN$10,2)) | AO70: =IF(ISERROR(IF($AN70="","",ROUND(SUM($R70,$AE70,$AN70),2))),"",IF($AN70="","",ROUND(SUM($R70,$AE70,$AN70),2))) | AP70: =IF(ISERROR(IF($AO70="","",VLOOKUP(AO70,Table!$B$3:$E$44,4,TRUE))),"",IF($AO70="","",VLOOKUP(AO70,Table!$B$3:$E$44,4,TRUE))) | AQ70: =IF(ISERROR(IF($AP70="","",VLOOKUP(AP70,Table!$H$12:$J$16,3,TRUE))),"",IF($AP70="","",VLOOKUP(AP70,Table!$H$12:$J$16,3,TRUE))) | AR70: =IF(AP70="","",VLOOKUP(ROUND(AP70,0),Table!$H$3:$J$7,3,TRUE))
A71: 60 | B71: ='INPUT DATA'!B71 -> 0 | P71: =IF(COUNT($F71:$O71)=0,"",SUM($F71:$O71)) | Q71: =IF(ISERROR(IF($P71="","",ROUND(($P71/$P$10)*$Q$10,2))),"",IF($P71="","",ROUND(($P71/$P$10)*$Q$10,2))) | R71: =IF($Q71="","",ROUND($Q71*$R$10,2)) | AC71: =IF(COUNT($S71:$AB71)=0,"",SUM($S71:$AB71)) | AD71: =IF(ISERROR(IF($AC71="","",ROUND(($AC71/$AC$10)*$AD$10,2))),"",IF($AC71="","",ROUND(($AC71/$AC$10)*$AD$10,2))) | AE71: =IF($AD71="","",ROUND($AD71*$AE$10,2)) | AL71: =IF(COUNT(AF71:AJ71)=0,"",SUM(AF71:AJ71)) | AM71: =IF(ISERROR(IF($AL71="","",ROUND(($AL71/$AL$10)*$AM$10,2))),"",IF($AL71="","",ROUND(($AL71/$AL$10)*$AM$10,2))) | AN71: =IF($AM71="","",ROUND($AM71*$AN$10,2)) | AO71: =IF(ISERROR(IF($AN71="","",ROUND(SUM($R71,$AE71,$AN71),2))),"",IF($AN71="","",ROUND(SUM($R71,$AE71,$AN71),2))) | AP71: =IF(ISERROR(IF($AO71="","",VLOOKUP(AO71,Table!$B$3:$E$44,4,TRUE))),"",IF($AO71="","",VLOOKUP(AO71,Table!$B$3:$E$44,4,TRUE))) | AQ71: =IF(ISERROR(IF($AP71="","",VLOOKUP(AP71,Table!$H$12:$J$16,3,TRUE))),"",IF($AP71="","",VLOOKUP(AP71,Table!$H$12:$J$16,3,TRUE))) | AR71: =IF(AP71="","",VLOOKUP(ROUND(AP71,0),Table!$H$3:$J$7,3,TRUE))
B72: FEMALE | AR72: =IF(AP72="","",VLOOKUP(ROUND(AP72,0),Table!$H$3:$J$7,3,TRUE))
A73: 1 | B73: ='INPUT DATA'!B73 -> 0 | P73: =IF(COUNT($F73:$O73)=0,"",SUM($F73:$O73)) | Q73: =IF(ISERROR(IF($P73="","",ROUND(($P73/$P$10)*$Q$10,2))),"",IF($P73="","",ROUND(($P73/$P$10)*$Q$10,2))) | R73: =IF($Q73="","",ROUND($Q73*$R$10,2)) | AC73: =IF(COUNT($S73:$AB73)=0,"",SUM($S73:$AB73)) | AD73: =IF(ISERROR(IF($AC73="","",ROUND(($AC73/$AC$10)*$AD$10,2))),"",IF($AC73="","",ROUND(($AC73/$AC$10)*$AD$10,2))) | AE73: =IF($AD73="","",ROUND($AD73*$AE$10,2)) | AG73: =IF(ISBLANK(AF73),"",(AF73/$AF$10)*$AG$10) | AI73: =IF(ISBLANK(AH73),"",(AH73/$AH$10)*$AI$10) | AK73: =IF(ISBLANK(AJ73),"",(AJ73/$AJ$10)*$AK$10) | AL73: =IF(COUNTA(AF73,AH73,AJ73),AF73+AH73+AJ73,"") | AM73: =IFERROR(IF(COUNTA(AG73,AI73,AK73),(AG73+AI73+AK73),""),"") | AN73: =IF($AM73="","",ROUND($AM73*$AN$10,2)) | AO73: =IF(ISERROR(IF($AN73="","",ROUND(SUM($R73,$AE73,$AN73),2))),"",IF($AN73="","",ROUND(SUM($R73,$AE73,$AN73),2))) | AP73: =IF(ISERROR(IF($AO73="","",VLOOKUP(AO73,Table!$B$3:$E$44,4,TRUE))),"",IF($AO73="","",VLOOKUP(AO73,Table!$B$3:$E$44,4,TRUE))) | AQ73: =IF(ISERROR(IF($AP73="","",VLOOKUP(AP73,Table!$H$12:$J$16,3,TRUE))),"",IF($AP73="","",VLOOKUP(AP73,Table!$H$12:$J$16,3,TRUE))) | AR73: =IF(AP73="","",VLOOKUP(ROUND(AP73,0),Table!$H$3:$J$7,3,TRUE)) | AS73: 124634170052
A74: 2 | B74: ='INPUT DATA'!B74 -> 0 | P74: =IF(COUNT($F74:$O74)=0,"",SUM($F74:$O74)) | Q74: =IF(ISERROR(IF($P74="","",ROUND(($P74/$P$10)*$Q$10,2))),"",IF($P74="","",ROUND(($P74/$P$10)*$Q$10,2))) | R74: =IF($Q74="","",ROUND($Q74*$R$10,2)) | AC74: =IF(COUNT($S74:$AB74)=0,"",SUM($S74:$AB74)) | AD74: =IF(ISERROR(IF($AC74="","",ROUND(($AC74/$AC$10)*$AD$10,2))),"",IF($AC74="","",ROUND(($AC74/$AC$10)*$AD$10,2))) | AE74: =IF($AD74="","",ROUND($AD74*$AE$10,2)) | AG74: =IF(ISBLANK(AF74),"",(AF74/$AF$10)*$AG$10) | AI74: =IF(ISBLANK(AH74),"",(AH74/$AH$10)*$AI$10) | AK74: =IF(ISBLANK(AJ74),"",(AJ74/$AJ$10)*$AK$10) | AL74: =IF(COUNTA(AF74,AH74,AJ74),AF74+AH74+AJ74,"") | AM74: =IFERROR(IF(COUNTA(AG74,AI74,AK74),(AG74+AI74+AK74),""),"") | AN74: =IF($AM74="","",ROUND($AM74*$AN$10,2)) | AO74: =IF(ISERROR(IF($AN74="","",ROUND(SUM($R74,$AE74,$AN74),2))),"",IF($AN74="","",ROUND(SUM($R74,$AE74,$AN74),2))) | AP74: =IF(ISERROR(IF($AO74="","",VLOOKUP(AO74,Table!$B$3:$E$44,4,TRUE))),"",IF($AO74="","",VLOOKUP(AO74,Table!$B$3:$E$44,4,TRUE))) | AQ74: =IF(ISERROR(IF($AP74="","",VLOOKUP(AP74,Table!$H$12:$J$16,3,TRUE))),"",IF($AP74="","",VLOOKUP(AP74,Table!$H$12:$J$16,3,TRUE))) | AR74: =IF(AP74="","",VLOOKUP(ROUND(AP74,0),Table!$H$3:$J$7,3,TRUE)) | AS74: 124616170011
A75: 3 | B75: ='INPUT DATA'!B75 -> 0 | P75: =IF(COUNT($F75:$O75)=0,"",SUM($F75:$O75)) | Q75: =IF(ISERROR(IF($P75="","",ROUND(($P75/$P$10)*$Q$10,2))),"",IF($P75="","",ROUND(($P75/$P$10)*$Q$10,2))) | R75: =IF($Q75="","",ROUND($Q75*$R$10,2)) | AC75: =IF(COUNT($S75:$AB75)=0,"",SUM($S75:$AB75)) | AD75: =IF(ISERROR(IF($AC75="","",ROUND(($AC75/$AC$10)*$AD$10,2))),"",IF($AC75="","",ROUND(($AC75/$AC$10)*$AD$10,2))) | AE75: =IF($AD75="","",ROUND($AD75*$AE$10,2)) | AG75: =IF(ISBLANK(AF75),"",(AF75/$AF$10)*$AG$10) | AI75: =IF(ISBLANK(AH75),"",(AH75/$AH$10)*$AI$10) | AK75: =IF(ISBLANK(AJ75),"",(AJ75/$AJ$10)*$AK$10) | AL75: =IF(COUNTA(AF75,AH75,AJ75),AF75+AH75+AJ75,"") | AM75: =IFERROR(IF(COUNTA(AG75,AI75,AK75),(AG75+AI75+AK75),""),"") | AN75: =IF($AM75="","",ROUND($AM75*$AN$10,2)) | AO75: =IF(ISERROR(IF($AN75="","",ROUND(SUM($R75,$AE75,$AN75),2))),"",IF($AN75="","",ROUND(SUM($R75,$AE75,$AN75),2))) | AP75: =IF(ISERROR(IF($AO75="","",VLOOKUP(AO75,Table!$B$3:$E$44,4,TRUE))),"",IF($AO75="","",VLOOKUP(AO75,Table!$B$3:$E$44,4,TRUE))) | AQ75: =IF(ISERROR(IF($AP75="","",VLOOKUP(AP75,Table!$H$12:$J$16,3,TRUE))),"",IF($AP75="","",VLOOKUP(AP75,Table!$H$12:$J$16,3,TRUE))) | AR75: =IF(AP75="","",VLOOKUP(ROUND(AP75,0),Table!$H$3:$J$7,3,TRUE)) | AS75: 124623160066
A76: 4 | B76: ='INPUT DATA'!B76 -> 0 | P76: =IF(COUNT($F76:$O76)=0,"",SUM($F76:$O76)) | Q76: =IF(ISERROR(IF($P76="","",ROUND(($P76/$P$10)*$Q$10,2))),"",IF($P76="","",ROUND(($P76/$P$10)*$Q$10,2))) | R76: =IF($Q76="","",ROUND($Q76*$R$10,2)) | AC76: =IF(COUNT($S76:$AB76)=0,"",SUM($S76:$AB76)) | AD76: =IF(ISERROR(IF($AC76="","",ROUND(($AC76/$AC$10)*$AD$10,2))),"",IF($AC76="","",ROUND(($AC76/$AC$10)*$AD$10,2))) | AE76: =IF($AD76="","",ROUND($AD76*$AE$10,2)) | AG76: =IF(ISBLANK(AF76),"",(AF76/$AF$10)*$AG$10) | AI76: =IF(ISBLANK(AH76),"",(AH76/$AH$10)*$AI$10) | AK76: =IF(ISBLANK(AJ76),"",(AJ76/$AJ$10)*$AK$10) | AL76: =IF(COUNTA(AF76,AH76,AJ76),AF76+AH76+AJ76,"") | AM76: =IFERROR(IF(COUNTA(AG76,AI76,AK76),(AG76+AI76+AK76),""),"") | AN76: =IF($AM76="","",ROUND($AM76*$AN$10,2)) | AO76: =IF(ISERROR(IF($AN76="","",ROUND(SUM($R76,$AE76,$AN76),2))),"",IF($AN76="","",ROUND(SUM($R76,$AE76,$AN76),2))) | AP76: =IF(ISERROR(IF($AO76="","",VLOOKUP(AO76,Table!$B$3:$E$44,4,TRUE))),"",IF($AO76="","",VLOOKUP(AO76,Table!$B$3:$E$44,4,TRUE))) | AQ76: =IF(ISERROR(IF($AP76="","",VLOOKUP(AP76,Table!$H$12:$J$16,3,TRUE))),"",IF($AP76="","",VLOOKUP(AP76,Table!$H$12:$J$16,3,TRUE))) | AR76: =IF(AP76="","",VLOOKUP(ROUND(AP76,0),Table!$H$3:$J$7,3,TRUE)) | AS76: 124633170001
A77: 5 | B77: ='INPUT DATA'!B77 -> 0 | P77: =IF(COUNT($F77:$O77)=0,"",SUM($F77:$O77)) | Q77: =IF(ISERROR(IF($P77="","",ROUND(($P77/$P$10)*$Q$10,2))),"",IF($P77="","",ROUND(($P77/$P$10)*$Q$10,2))) | R77: =IF($Q77="","",ROUND($Q77*$R$10,2)) | AC77: =IF(COUNT($S77:$AB77)=0,"",SUM($S77:$AB77)) | AD77: =IF(ISERROR(IF($AC77="","",ROUND(($AC77/$AC$10)*$AD$10,2))),"",IF($AC77="","",ROUND(($AC77/$AC$10)*$AD$10,2))) | AE77: =IF($AD77="","",ROUND($AD77*$AE$10,2)) | AG77: =IF(ISBLANK(AF77),"",(AF77/$AF$10)*$AG$10) | AI77: =IF(ISBLANK(AH77),"",(AH77/$AH$10)*$AI$10) | AK77: =IF(ISBLANK(AJ77),"",(AJ77/$AJ$10)*$AK$10) | AL77: =IF(COUNTA(AF77,AH77,AJ77),AF77+AH77+AJ77,"") | AM77: =IFERROR(IF(COUNTA(AG77,AI77,AK77),(AG77+AI77+AK77),""),"") | AN77: =IF($AM77="","",ROUND($AM77*$AN$10,2)) | AO77: =IF(ISERROR(IF($AN77="","",ROUND(SUM($R77,$AE77,$AN77),2))),"",IF($AN77="","",ROUND(SUM($R77,$AE77,$AN77),2))) | AP77: =IF(ISERROR(IF($AO77="","",VLOOKUP(AO77,Table!$B$3:$E$44,4,TRUE))),"",IF($AO77="","",VLOOKUP(AO77,Table!$B$3:$E$44,4,TRUE))) | AQ77: =IF(ISERROR(IF($AP77="","",VLOOKUP(AP77,Table!$H$12:$J$16,3,TRUE))),"",IF($AP77="","",VLOOKUP(AP77,Table!$H$12:$J$16,3,TRUE))) | AR77: =IF(AP77="","",VLOOKUP(ROUND(AP77,0),Table!$H$3:$J$7,3,TRUE)) | AS77: 124627170014
A78: 6 | B78: ='INPUT DATA'!B78 -> 0 | P78: =IF(COUNT($F78:$O78)=0,"",SUM($F78:$O78)) | Q78: =IF(ISERROR(IF($P78="","",ROUND(($P78/$P$10)*$Q$10,2))),"",IF($P78="","",ROUND(($P78/$P$10)*$Q$10,2))) | R78: =IF($Q78="","",ROUND($Q78*$R$10,2)) | AC78: =IF(COUNT($S78:$AB78)=0,"",SUM($S78:$AB78)) | AD78: =IF(ISERROR(IF($AC78="","",ROUND(($AC78/$AC$10)*$AD$10,2))),"",IF($AC78="","",ROUND(($AC78/$AC$10)*$AD$10,2))) | AE78: =IF($AD78="","",ROUND($AD78*$AE$10,2)) | AG78: =IF(ISBLANK(AF78),"",(AF78/$AF$10)*$AG$10) | AI78: =IF(ISBLANK(AH78),"",(AH78/$AH$10)*$AI$10) | AK78: =IF(ISBLANK(AJ78),"",(AJ78/$AJ$10)*$AK$10) | AL78: =IF(COUNTA(AF78,AH78,AJ78),AF78+AH78+AJ78,"") | AM78: =IFERROR(IF(COUNTA(AG78,AI78,AK78),(AG78+AI78+AK78),""),"") | AN78: =IF($AM78="","",ROUND($AM78*$AN$10,2)) | AO78: =IF(ISERROR(IF($AN78="","",ROUND(SUM($R78,$AE78,$AN78),2))),"",IF($AN78="","",ROUND(SUM($R78,$AE78,$AN78),2))) | AP78: =IF(ISERROR(IF($AO78="","",VLOOKUP(AO78,Table!$B$3:$E$44,4,TRUE))),"",IF($AO78="","",VLOOKUP(AO78,Table!$B$3:$E$44,4,TRUE))) | AQ78: =IF(ISERROR(IF($AP78="","",VLOOKUP(AP78,Table!$H$12:$J$16,3,TRUE))),"",IF($AP78="","",VLOOKUP(AP78,Table!$H$12:$J$16,3,TRUE))) | AR78: =IF(AP78="","",VLOOKUP(ROUND(AP78,0),Table!$H$3:$J$7,3,TRUE)) | AS78: 124332170017
A79: 7 | B79: ='INPUT DATA'!B79 -> 0 | P79: =IF(COUNT($F79:$O79)=0,"",SUM($F79:$O79)) | Q79: =IF(ISERROR(IF($P79="","",ROUND(($P79/$P$10)*$Q$10,2))),"",IF($P79="","",ROUND(($P79/$P$10)*$Q$10,2))) | R79: =IF($Q79="","",ROUND($Q79*$R$10,2)) | AC79: =IF(COUNT($S79:$AB79)=0,"",SUM($S79:$AB79)) | AD79: =IF(ISERROR(IF($AC79="","",ROUND(($AC79/$AC$10)*$AD$10,2))),"",IF($AC79="","",ROUND(($AC79/$AC$10)*$AD$10,2))) | AE79: =IF($AD79="","",ROUND($AD79*$AE$10,2)) | AG79: =IF(ISBLANK(AF79),"",(AF79/$AF$10)*$AG$10) | AI79: =IF(ISBLANK(AH79),"",(AH79/$AH$10)*$AI$10) | AK79: =IF(ISBLANK(AJ79),"",(AJ79/$AJ$10)*$AK$10) | AL79: =IF(COUNTA(AF79,AH79,AJ79),AF79+AH79+AJ79,"") | AM79: =IFERROR(IF(COUNTA(AG79,AI79,AK79),(AG79+AI79+AK79),""),"") | AN79: =IF($AM79="","",ROUND($AM79*$AN$10,2)) | AO79: =IF(ISERROR(IF($AN79="","",ROUND(SUM($R79,$AE79,$AN79),2))),"",IF($AN79="","",ROUND(SUM($R79,$AE79,$AN79),2))) | AP79: =IF(ISERROR(IF($AO79="","",VLOOKUP(AO79,Table!$B$3:$E$44,4,TRUE))),"",IF($AO79="","",VLOOKUP(AO79,Table!$B$3:$E$44,4,TRUE))) | AQ79: =IF(ISERROR(IF($AP79="","",VLOOKUP(AP79,Table!$H$12:$J$16,3,TRUE))),"",IF($AP79="","",VLOOKUP(AP79,Table!$H$12:$J$16,3,TRUE))) | AR79: =IF(AP79="","",VLOOKUP(ROUND(AP79,0),Table!$H$3:$J$7,3,TRUE)) | AS79: 124623170119
A80: 8 | B80: ='INPUT DATA'!B80 -> 0 | P80: =IF(COUNT($F80:$O80)=0,"",SUM($F80:$O80)) | Q80: =IF(ISERROR(IF($P80="","",ROUND(($P80/$P$10)*$Q$10,2))),"",IF($P80="","",ROUND(($P80/$P$10)*$Q$10,2))) | R80: =IF($Q80="","",ROUND($Q80*$R$10,2)) | AC80: =IF(COUNT($S80:$AB80)=0,"",SUM($S80:$AB80)) | AD80: =IF(ISERROR(IF($AC80="","",ROUND(($AC80/$AC$10)*$AD$10,2))),"",IF($AC80="","",ROUND(($AC80/$AC$10)*$AD$10,2))) | AE80: =IF($AD80="","",ROUND($AD80*$AE$10,2)) | AG80: =IF(ISBLANK(AF80),"",(AF80/$AF$10)*$AG$10) | AI80: =IF(ISBLANK(AH80),"",(AH80/$AH$10)*$AI$10) | AK80: =IF(ISBLANK(AJ80),"",(AJ80/$AJ$10)*$AK$10) | AL80: =IF(COUNTA(AF80,AH80,AJ80),AF80+AH80+AJ80,"") | AM80: =IFERROR(IF(COUNTA(AG80,AI80,AK80),(AG80+AI80+AK80),""),"") | AN80: =IF($AM80="","",ROUND($AM80*$AN$10,2)) | AO80: =IF(ISERROR(IF($AN80="","",ROUND(SUM($R80,$AE80,$AN80),2))),"",IF($AN80="","",ROUND(SUM($R80,$AE80,$AN80),2))) | AP80: =IF(ISERROR(IF($AO80="","",VLOOKUP(AO80,Table!$B$3:$E$44,4,TRUE))),"",IF($AO80="","",VLOOKUP(AO80,Table!$B$3:$E$44,4,TRUE))) | AQ80: =IF(ISERROR(IF($AP80="","",VLOOKUP(AP80,Table!$H$12:$J$16,3,TRUE))),"",IF($AP80="","",VLOOKUP(AP80,Table!$H$12:$J$16,3,TRUE))) | AR80: =IF(AP80="","",VLOOKUP(ROUND(AP80,0),Table!$H$3:$J$7,3,TRUE)) | AS80: 124623170120
A81: 9 | B81: ='INPUT DATA'!B81 -> 0 | P81: =IF(COUNT($F81:$O81)=0,"",SUM($F81:$O81)) | Q81: =IF(ISERROR(IF($P81="","",ROUND(($P81/$P$10)*$Q$10,2))),"",IF($P81="","",ROUND(($P81/$P$10)*$Q$10,2))) | R81: =IF($Q81="","",ROUND($Q81*$R$10,2)) | AC81: =IF(COUNT($S81:$AB81)=0,"",SUM($S81:$AB81)) | AD81: =IF(ISERROR(IF($AC81="","",ROUND(($AC81/$AC$10)*$AD$10,2))),"",IF($AC81="","",ROUND(($AC81/$AC$10)*$AD$10,2))) | AE81: =IF($AD81="","",ROUND($AD81*$AE$10,2)) | AG81: =IF(ISBLANK(AF81),"",(AF81/$AF$10)*$AG$10) | AI81: =IF(ISBLANK(AH81),"",(AH81/$AH$10)*$AI$10) | AK81: =IF(ISBLANK(AJ81),"",(AJ81/$AJ$10)*$AK$10) | AL81: =IF(COUNTA(AF81,AH81,AJ81),AF81+AH81+AJ81,"") | AM81: =IFERROR(IF(COUNTA(AG81,AI81,AK81),(AG81+AI81+AK81),""),"") | AN81: =IF($AM81="","",ROUND($AM81*$AN$10,2)) | AO81: =IF(ISERROR(IF($AN81="","",ROUND(SUM($R81,$AE81,$AN81),2))),"",IF($AN81="","",ROUND(SUM($R81,$AE81,$AN81),2))) | AP81: =IF(ISERROR(IF($AO81="","",VLOOKUP(AO81,Table!$B$3:$E$44,4,TRUE))),"",IF($AO81="","",VLOOKUP(AO81,Table!$B$3:$E$44,4,TRUE))) | AQ81: =IF(ISERROR(IF($AP81="","",VLOOKUP(AP81,Table!$H$12:$J$16,3,TRUE))),"",IF($AP81="","",VLOOKUP(AP81,Table!$H$12:$J$16,3,TRUE))) | AR81: =IF(AP81="","",VLOOKUP(ROUND(AP81,0),Table!$H$3:$J$7,3,TRUE)) | AS81: 124623170187
A82: 10 | B82: ='INPUT DATA'!B82 -> 0 | P82: =IF(COUNT($F82:$O82)=0,"",SUM($F82:$O82)) | Q82: =IF(ISERROR(IF($P82="","",ROUND(($P82/$P$10)*$Q$10,2))),"",IF($P82="","",ROUND(($P82/$P$10)*$Q$10,2))) | R82: =IF($Q82="","",ROUND($Q82*$R$10,2)) | AC82: =IF(COUNT($S82:$AB82)=0,"",SUM($S82:$AB82)) | AD82: =IF(ISERROR(IF($AC82="","",ROUND(($AC82/$AC$10)*$AD$10,2))),"",IF($AC82="","",ROUND(($AC82/$AC$10)*$AD$10,2))) | AE82: =IF($AD82="","",ROUND($AD82*$AE$10,2)) | AG82: =IF(ISBLANK(AF82),"",(AF82/$AF$10)*$AG$10) | AI82: =IF(ISBLANK(AH82),"",(AH82/$AH$10)*$AI$10) | AK82: =IF(ISBLANK(AJ82),"",(AJ82/$AJ$10)*$AK$10) | AL82: =IF(COUNTA(AF82,AH82,AJ82),AF82+AH82+AJ82,"") | AM82: =IFERROR(IF(COUNTA(AG82,AI82,AK82),(AG82+AI82+AK82),""),"") | AN82: =IF($AM82="","",ROUND($AM82*$AN$10,2)) | AO82: =IF(ISERROR(IF($AN82="","",ROUND(SUM($R82,$AE82,$AN82),2))),"",IF($AN82="","",ROUND(SUM($R82,$AE82,$AN82),2))) | AP82: =IF(ISERROR(IF($AO82="","",VLOOKUP(AO82,Table!$B$3:$E$44,4,TRUE))),"",IF($AO82="","",VLOOKUP(AO82,Table!$B$3:$E$44,4,TRUE))) | AQ82: =IF(ISERROR(IF($AP82="","",VLOOKUP(AP82,Table!$H$12:$J$16,3,TRUE))),"",IF($AP82="","",VLOOKUP(AP82,Table!$H$12:$J$16,3,TRUE))) | AR82: =IF(AP82="","",VLOOKUP(ROUND(AP82,0),Table!$H$3:$J$7,3,TRUE)) | AS82: 124622170012
A83: 11 | B83: ='INPUT DATA'!B83 -> 0 | P83: =IF(COUNT($F83:$O83)=0,"",SUM($F83:$O83)) | Q83: =IF(ISERROR(IF($P83="","",ROUND(($P83/$P$10)*$Q$10,2))),"",IF($P83="","",ROUND(($P83/$P$10)*$Q$10,2))) | R83: =IF($Q83="","",ROUND($Q83*$R$10,2)) | AC83: =IF(COUNT($S83:$AB83)=0,"",SUM($S83:$AB83)) | AD83: =IF(ISERROR(IF($AC83="","",ROUND(($AC83/$AC$10)*$AD$10,2))),"",IF($AC83="","",ROUND(($AC83/$AC$10)*$AD$10,2))) | AE83: =IF($AD83="","",ROUND($AD83*$AE$10,2)) | AG83: =IF(ISBLANK(AF83),"",(AF83/$AF$10)*$AG$10) | AI83: =IF(ISBLANK(AH83),"",(AH83/$AH$10)*$AI$10) | AK83: =IF(ISBLANK(AJ83),"",(AJ83/$AJ$10)*$AK$10) | AL83: =IF(COUNTA(AF83,AH83,AJ83),AF83+AH83+AJ83,"") | AM83: =IFERROR(IF(COUNTA(AG83,AI83,AK83),(AG83+AI83+AK83),""),"") | AN83: =IF($AM83="","",ROUND($AM83*$AN$10,2)) | AO83: =IF(ISERROR(IF($AN83="","",ROUND(SUM($R83,$AE83,$AN83),2))),"",IF($AN83="","",ROUND(SUM($R83,$AE83,$AN83),2))) | AP83: =IF(ISERROR(IF($AO83="","",VLOOKUP(AO83,Table!$B$3:$E$44,4,TRUE))),"",IF($AO83="","",VLOOKUP(AO83,Table!$B$3:$E$44,4,TRUE))) | AQ83: =IF(ISERROR(IF($AP83="","",VLOOKUP(AP83,Table!$H$12:$J$16,3,TRUE))),"",IF($AP83="","",VLOOKUP(AP83,Table!$H$12:$J$16,3,TRUE))) | AR83: =IF(AP83="","",VLOOKUP(ROUND(AP83,0),Table!$H$3:$J$7,3,TRUE)) | AS83: 124623170041
A84: 12 | B84: ='INPUT DATA'!B84 -> 0 | P84: =IF(COUNT($F84:$O84)=0,"",SUM($F84:$O84)) | Q84: =IF(ISERROR(IF($P84="","",ROUND(($P84/$P$10)*$Q$10,2))),"",IF($P84="","",ROUND(($P84/$P$10)*$Q$10,2))) | R84: =IF($Q84="","",ROUND($Q84*$R$10,2)) | AC84: =IF(COUNT($S84:$AB84)=0,"",SUM($S84:$AB84)) | AD84: =IF(ISERROR(IF($AC84="","",ROUND(($AC84/$AC$10)*$AD$10,2))),"",IF($AC84="","",ROUND(($AC84/$AC$10)*$AD$10,2))) | AE84: =IF($AD84="","",ROUND($AD84*$AE$10,2)) | AG84: =IF(ISBLANK(AF84),"",(AF84/$AF$10)*$AG$10) | AI84: =IF(ISBLANK(AH84),"",(AH84/$AH$10)*$AI$10) | AK84: =IF(ISBLANK(AJ84),"",(AJ84/$AJ$10)*$AK$10) | AL84: =IF(COUNTA(AF84,AH84,AJ84),AF84+AH84+AJ84,"") | AM84: =IFERROR(IF(COUNTA(AG84,AI84,AK84),(AG84+AI84+AK84),""),"") | AN84: =IF($AM84="","",ROUND($AM84*$AN$10,2)) | AO84: =IF(ISERROR(IF($AN84="","",ROUND(SUM($R84,$AE84,$AN84),2))),"",IF($AN84="","",ROUND(SUM($R84,$AE84,$AN84),2))) | AP84: =IF(ISERROR(IF($AO84="","",VLOOKUP(AO84,Table!$B$3:$E$44,4,TRUE))),"",IF($AO84="","",VLOOKUP(AO84,Table!$B$3:$E$44,4,TRUE))) | AQ84: =IF(ISERROR(IF($AP84="","",VLOOKUP(AP84,Table!$H$12:$J$16,3,TRUE))),"",IF($AP84="","",VLOOKUP(AP84,Table!$H$12:$J$16,3,TRUE))) | AR84: =IF(AP84="","",VLOOKUP(ROUND(AP84,0),Table!$H$3:$J$7,3,TRUE)) | AS84: 124623170043
... A86: 14 | B86: ='INPUT DATA'!B86 -> 0 | P86: =IF(COUNT($F86:$O86)=0,"",SUM($F86:$O86)) | Q86: =IF(ISERROR(IF($P86="","",ROUND(($P86/$P$10)*$Q$10,2))),"",IF($P86="","",ROUND(($P86/$P$10)*$Q$10,2))) | R86: =IF($Q86="","",ROUND($Q86*$R$10,2)) | AC86: =IF(COUNT($S86:$AB86)=0,"",SUM($S86:$AB86)) | AD86: =IF(ISERROR(IF($AC86="","",ROUND(($AC86/$AC$10)*$AD$10,2))),"",IF($AC86="","",ROUND(($AC86/$AC$10)*$AD$10,2))) | AE86: =IF($AD86="","",ROUND($AD86*$AE$10,2)) | AG86: =IF(ISBLANK(AF86),"",(AF86/$AF$10)*$AG$10) | AI86: =IF(ISBLANK(AH86),"",(AH86/$AH$10)*$AI$10) | AK86: =IF(ISBLANK(AJ86),"",(AJ86/$AJ$10)*$AK$10) | AL86: =IF(COUNTA(AF86,AH86,AJ86),AF86+AH86+AJ86,"") | AM86: =IFERROR(IF(COUNTA(AG86,AI86,AK86),(AG86+AI86+AK86),""),"") | AN86: =IF($AM86="","",ROUND($AM86*$AN$10,2)) | AO86: =IF(ISERROR(IF($AN86="","",ROUND(SUM($R86,$AE86,$AN86),2))),"",IF($AN86="","",ROUND(SUM($R86,$AE86,$AN86),2))) | AP86: =IF(ISERROR(IF($AO86="","",VLOOKUP(AO86,Table!$B$3:$E$44,4,TRUE))),"",IF($AO86="","",VLOOKUP(AO86,Table!$B$3:$E$44,4,TRUE))) | AQ86: =IF(ISERROR(IF($AP86="","",VLOOKUP(AP86,Table!$H$12:$J$16,3,TRUE))),"",IF($AP86="","",VLOOKUP(AP86,Table!$H$12:$J$16,3,TRUE))) | AR86: =IF(AP86="","",VLOOKUP(ROUND(AP86,0),Table!$H$3:$J$7,3,TRUE)) | AS86: 124623170048
A87: 15 | B87: ='INPUT DATA'!B87 -> 0 | P87: =IF(COUNT($F87:$O87)=0,"",SUM($F87:$O87)) | Q87: =IF(ISERROR(IF($P87="","",ROUND(($P87/$P$10)*$Q$10,2))),"",IF($P87="","",ROUND(($P87/$P$10)*$Q$10,2))) | R87: =IF($Q87="","",ROUND($Q87*$R$10,2)) | AC87: =IF(COUNT($S87:$AB87)=0,"",SUM($S87:$AB87)) | AD87: =IF(ISERROR(IF($AC87="","",ROUND(($AC87/$AC$10)*$AD$10,2))),"",IF($AC87="","",ROUND(($AC87/$AC$10)*$AD$10,2))) | AE87: =IF($AD87="","",ROUND($AD87*$AE$10,2)) | AG87: =IF(ISBLANK(AF87),"",(AF87/$AF$10)*$AG$10) | AI87: =IF(ISBLANK(AH87),"",(AH87/$AH$10)*$AI$10) | AK87: =IF(ISBLANK(AJ87),"",(AJ87/$AJ$10)*$AK$10) | AL87: =IF(COUNTA(AF87,AH87,AJ87),AF87+AH87+AJ87,"") | AM87: =IFERROR(IF(COUNTA(AG87,AI87,AK87),(AG87+AI87+AK87),""),"") | AN87: =IF($AM87="","",ROUND($AM87*$AN$10,2)) | AO87: =IF(ISERROR(IF($AN87="","",ROUND(SUM($R87,$AE87,$AN87),2))),"",IF($AN87="","",ROUND(SUM($R87,$AE87,$AN87),2))) | AP87: =IF(ISERROR(IF($AO87="","",VLOOKUP(AO87,Table!$B$3:$E$44,4,TRUE))),"",IF($AO87="","",VLOOKUP(AO87,Table!$B$3:$E$44,4,TRUE))) | AQ87: =IF(ISERROR(IF($AP87="","",VLOOKUP(AP87,Table!$H$12:$J$16,3,TRUE))),"",IF($AP87="","",VLOOKUP(AP87,Table!$H$12:$J$16,3,TRUE))) | AR87: =IF(AP87="","",VLOOKUP(ROUND(AP87,0),Table!$H$3:$J$7,3,TRUE)) | AS87: 124619170023
A88: 16 | B88: ='INPUT DATA'!B88 -> 0 | P88: =IF(COUNT($F88:$O88)=0,"",SUM($F88:$O88)) | Q88: =IF(ISERROR(IF($P88="","",ROUND(($P88/$P$10)*$Q$10,2))),"",IF($P88="","",ROUND(($P88/$P$10)*$Q$10,2))) | R88: =IF($Q88="","",ROUND($Q88*$R$10,2)) | AC88: =IF(COUNT($S88:$AB88)=0,"",SUM($S88:$AB88)) | AD88: =IF(ISERROR(IF($AC88="","",ROUND(($AC88/$AC$10)*$AD$10,2))),"",IF($AC88="","",ROUND(($AC88/$AC$10)*$AD$10,2))) | AE88: =IF($AD88="","",ROUND($AD88*$AE$10,2)) | AG88: =IF(ISBLANK(AF88),"",(AF88/$AF$10)*$AG$10) | AI88: =IF(ISBLANK(AH88),"",(AH88/$AH$10)*$AI$10) | AK88: =IF(ISBLANK(AJ88),"",(AJ88/$AJ$10)*$AK$10) | AL88: =IF(COUNTA(AF88,AH88,AJ88),AF88+AH88+AJ88,"") | AM88: =IFERROR(IF(COUNTA(AG88,AI88,AK88),(AG88+AI88+AK88),""),"") | AN88: =IF($AM88="","",ROUND($AM88*$AN$10,2)) | AO88: =IF(ISERROR(IF($AN88="","",ROUND(SUM($R88,$AE88,$AN88),2))),"",IF($AN88="","",ROUND(SUM($R88,$AE88,$AN88),2))) | AP88: =IF(ISERROR(IF($AO88="","",VLOOKUP(AO88,Table!$B$3:$E$44,4,TRUE))),"",IF($AO88="","",VLOOKUP(AO88,Table!$B$3:$E$44,4,TRUE))) | AQ88: =IF(ISERROR(IF($AP88="","",VLOOKUP(AP88,Table!$H$12:$J$16,3,TRUE))),"",IF($AP88="","",VLOOKUP(AP88,Table!$H$12:$J$16,3,TRUE))) | AR88: =IF(AP88="","",VLOOKUP(ROUND(AP88,0),Table!$H$3:$J$7,3,TRUE)) | AS88: 124628170045
A89: 17 | B89: ='INPUT DATA'!B89 -> 0 | P89: =IF(COUNT($F89:$O89)=0,"",SUM($F89:$O89)) | Q89: =IF(ISERROR(IF($P89="","",ROUND(($P89/$P$10)*$Q$10,2))),"",IF($P89="","",ROUND(($P89/$P$10)*$Q$10,2))) | R89: =IF($Q89="","",ROUND($Q89*$R$10,2)) | AC89: =IF(COUNT($S89:$AB89)=0,"",SUM($S89:$AB89)) | AD89: =IF(ISERROR(IF($AC89="","",ROUND(($AC89/$AC$10)*$AD$10,2))),"",IF($AC89="","",ROUND(($AC89/$AC$10)*$AD$10,2))) | AE89: =IF($AD89="","",ROUND($AD89*$AE$10,2)) | AG89: =IF(ISBLANK(AF89),"",(AF89/$AF$10)*$AG$10) | AI89: =IF(ISBLANK(AH89),"",(AH89/$AH$10)*$AI$10) | AK89: =IF(ISBLANK(AJ89),"",(AJ89/$AJ$10)*$AK$10) | AL89: =IF(COUNTA(AF89,AH89,AJ89),AF89+AH89+AJ89,"") | AM89: =IFERROR(IF(COUNTA(AG89,AI89,AK89),(AG89+AI89+AK89),""),"") | AN89: =IF($AM89="","",ROUND($AM89*$AN$10,2)) | AO89: =IF(ISERROR(IF($AN89="","",ROUND(SUM($R89,$AE89,$AN89),2))),"",IF($AN89="","",ROUND(SUM($R89,$AE89,$AN89),2))) | AP89: =IF(ISERROR(IF($AO89="","",VLOOKUP(AO89,Table!$B$3:$E$44,4,TRUE))),"",IF($AO89="","",VLOOKUP(AO89,Table!$B$3:$E$44,4,TRUE))) | AQ89: =IF(ISERROR(IF($AP89="","",VLOOKUP(AP89,Table!$H$12:$J$16,3,TRUE))),"",IF($AP89="","",VLOOKUP(AP89,Table!$H$12:$J$16,3,TRUE))) | AR89: =IF(AP89="","",VLOOKUP(ROUND(AP89,0),Table!$H$3:$J$7,3,TRUE)) | AS89: 124628170020
A90: 18 | B90: ='INPUT DATA'!B90 -> 0 | P90: =IF(COUNT($F90:$O90)=0,"",SUM($F90:$O90)) | Q90: =IF(ISERROR(IF($P90="","",ROUND(($P90/$P$10)*$Q$10,2))),"",IF($P90="","",ROUND(($P90/$P$10)*$Q$10,2))) | R90: =IF($Q90="","",ROUND($Q90*$R$10,2)) | AC90: =IF(COUNT($S90:$AB90)=0,"",SUM($S90:$AB90)) | AD90: =IF(ISERROR(IF($AC90="","",ROUND(($AC90/$AC$10)*$AD$10,2))),"",IF($AC90="","",ROUND(($AC90/$AC$10)*$AD$10,2))) | AE90: =IF($AD90="","",ROUND($AD90*$AE$10,2)) | AG90: =IF(ISBLANK(AF90),"",(AF90/$AF$10)*$AG$10) | AI90: =IF(ISBLANK(AH90),"",(AH90/$AH$10)*$AI$10) | AK90: =IF(ISBLANK(AJ90),"",(AJ90/$AJ$10)*$AK$10) | AL90: =IF(COUNTA(AF90,AH90,AJ90),AF90+AH90+AJ90,"") | AM90: =IFERROR(IF(COUNTA(AG90,AI90,AK90),(AG90+AI90+AK90),""),"") | AN90: =IF($AM90="","",ROUND($AM90*$AN$10,2)) | AO90: =IF(ISERROR(IF($AN90="","",ROUND(SUM($R90,$AE90,$AN90),2))),"",IF($AN90="","",ROUND(SUM($R90,$AE90,$AN90),2))) | AP90: =IF(ISERROR(IF($AO90="","",VLOOKUP(AO90,Table!$B$3:$E$44,4,TRUE))),"",IF($AO90="","",VLOOKUP(AO90,Table!$B$3:$E$44,4,TRUE))) | AQ90: =IF(ISERROR(IF($AP90="","",VLOOKUP(AP90,Table!$H$12:$J$16,3,TRUE))),"",IF($AP90="","",VLOOKUP(AP90,Table!$H$12:$J$16,3,TRUE))) | AR90: =IF(AP90="","",VLOOKUP(ROUND(AP90,0),Table!$H$3:$J$7,3,TRUE)) | AS90: 124623170219
A91: 19 | B91: ='INPUT DATA'!B91 -> 0 | P91: =IF(COUNT($F91:$O91)=0,"",SUM($F91:$O91)) | Q91: =IF(ISERROR(IF($P91="","",ROUND(($P91/$P$10)*$Q$10,2))),"",IF($P91="","",ROUND(($P91/$P$10)*$Q$10,2))) | R91: =IF($Q91="","",ROUND($Q91*$R$10,2)) | AC91: =IF(COUNT($S91:$AB91)=0,"",SUM($S91:$AB91)) | AD91: =IF(ISERROR(IF($AC91="","",ROUND(($AC91/$AC$10)*$AD$10,2))),"",IF($AC91="","",ROUND(($AC91/$AC$10)*$AD$10,2))) | AE91: =IF($AD91="","",ROUND($AD91*$AE$10,2)) | AG91: =IF(ISBLANK(AF91),"",(AF91/$AF$10)*$AG$10) | AI91: =IF(ISBLANK(AH91),"",(AH91/$AH$10)*$AI$10) | AK91: =IF(ISBLANK(AJ91),"",(AJ91/$AJ$10)*$AK$10) | AL91: =IF(COUNTA(AF91,AH91,AJ91),AF91+AH91+AJ91,"") | AM91: =IFERROR(IF(COUNTA(AG91,AI91,AK91),(AG91+AI91+AK91),""),"") | AN91: =IF($AM91="","",ROUND($AM91*$AN$10,2)) | AO91: =IF(ISERROR(IF($AN91="","",ROUND(SUM($R91,$AE91,$AN91),2))),"",IF($AN91="","",ROUND(SUM($R91,$AE91,$AN91),2))) | AP91: =IF(ISERROR(IF($AO91="","",VLOOKUP(AO91,Table!$B$3:$E$44,4,TRUE))),"",IF($AO91="","",VLOOKUP(AO91,Table!$B$3:$E$44,4,TRUE))) | AQ91: =IF(ISERROR(IF($AP91="","",VLOOKUP(AP91,Table!$H$12:$J$16,3,TRUE))),"",IF($AP91="","",VLOOKUP(AP91,Table!$H$12:$J$16,3,TRUE))) | AR91: =IF(AP91="","",VLOOKUP(ROUND(AP91,0),Table!$H$3:$J$7,3,TRUE)) | AS91: 124623170150
A92: 20 | B92: ='INPUT DATA'!B92 -> 0 | P92: =IF(COUNT($F92:$O92)=0,"",SUM($F92:$O92)) | Q92: =IF(ISERROR(IF($P92="","",ROUND(($P92/$P$10)*$Q$10,2))),"",IF($P92="","",ROUND(($P92/$P$10)*$Q$10,2))) | R92: =IF($Q92="","",ROUND($Q92*$R$10,2)) | AC92: =IF(COUNT($S92:$AB92)=0,"",SUM($S92:$AB92)) | AD92: =IF(ISERROR(IF($AC92="","",ROUND(($AC92/$AC$10)*$AD$10,2))),"",IF($AC92="","",ROUND(($AC92/$AC$10)*$AD$10,2))) | AE92: =IF($AD92="","",ROUND($AD92*$AE$10,2)) | AG92: =IF(ISBLANK(AF92),"",(AF92/$AF$10)*$AG$10) | AI92: =IF(ISBLANK(AH92),"",(AH92/$AH$10)*$AI$10) | AK92: =IF(ISBLANK(AJ92),"",(AJ92/$AJ$10)*$AK$10) | AL92: =IF(COUNTA(AF92,AH92,AJ92),AF92+AH92+AJ92,"") | AM92: =IFERROR(IF(COUNTA(AG92,AI92,AK92),(AG92+AI92+AK92),""),"") | AN92: =IF($AM92="","",ROUND($AM92*$AN$10,2)) | AO92: =IF(ISERROR(IF($AN92="","",ROUND(SUM($R92,$AE92,$AN92),2))),"",IF($AN92="","",ROUND(SUM($R92,$AE92,$AN92),2))) | AP92: =IF(ISERROR(IF($AO92="","",VLOOKUP(AO92,Table!$B$3:$E$44,4,TRUE))),"",IF($AO92="","",VLOOKUP(AO92,Table!$B$3:$E$44,4,TRUE))) | AQ92: =IF(ISERROR(IF($AP92="","",VLOOKUP(AP92,Table!$H$12:$J$16,3,TRUE))),"",IF($AP92="","",VLOOKUP(AP92,Table!$H$12:$J$16,3,TRUE))) | AR92: =IF(AP92="","",VLOOKUP(ROUND(AP92,0),Table!$H$3:$J$7,3,TRUE)) | AS92: 124623170100
A93: 21 | B93: ='INPUT DATA'!B93 -> 0 | P93: =IF(COUNT($F93:$O93)=0,"",SUM($F93:$O93)) | Q93: =IF(ISERROR(IF($P93="","",ROUND(($P93/$P$10)*$Q$10,2))),"",IF($P93="","",ROUND(($P93/$P$10)*$Q$10,2))) | R93: =IF($Q93="","",ROUND($Q93*$R$10,2)) | AC93: =IF(COUNT($S93:$AB93)=0,"",SUM($S93:$AB93)) | AD93: =IF(ISERROR(IF($AC93="","",ROUND(($AC93/$AC$10)*$AD$10,2))),"",IF($AC93="","",ROUND(($AC93/$AC$10)*$AD$10,2))) | AE93: =IF($AD93="","",ROUND($AD93*$AE$10,2)) | AG93: =IF(ISBLANK(AF93),"",(AF93/$AF$10)*$AG$10) | AI93: =IF(ISBLANK(AH93),"",(AH93/$AH$10)*$AI$10) | AK93: =IF(ISBLANK(AJ93),"",(AJ93/$AJ$10)*$AK$10) | AL93: =IF(COUNTA(AF93,AH93,AJ93),AF93+AH93+AJ93,"") | AM93: =IFERROR(IF(COUNTA(AG93,AI93,AK93),(AG93+AI93+AK93),""),"") | AN93: =IF($AM93="","",ROUND($AM93*$AN$10,2)) | AO93: =IF(ISERROR(IF($AN93="","",ROUND(SUM($R93,$AE93,$AN93),2))),"",IF($AN93="","",ROUND(SUM($R93,$AE93,$AN93),2))) | AP93: =IF(ISERROR(IF($AO93="","",VLOOKUP(AO93,Table!$B$3:$E$44,4,TRUE))),"",IF($AO93="","",VLOOKUP(AO93,Table!$B$3:$E$44,4,TRUE))) | AQ93: =IF(ISERROR(IF($AP93="","",VLOOKUP(AP93,Table!$H$12:$J$16,3,TRUE))),"",IF($AP93="","",VLOOKUP(AP93,Table!$H$12:$J$16,3,TRUE))) | AR93: =IF(AP93="","",VLOOKUP(ROUND(AP93,0),Table!$H$3:$J$7,3,TRUE)) | AS93: 124628170023
A94: 22 | B94: ='INPUT DATA'!B94 -> 0 | P94: =IF(COUNT($F94:$O94)=0,"",SUM($F94:$O94)) | Q94: =IF(ISERROR(IF($P94="","",ROUND(($P94/$P$10)*$Q$10,2))),"",IF($P94="","",ROUND(($P94/$P$10)*$Q$10,2))) | R94: =IF($Q94="","",ROUND($Q94*$R$10,2)) | AC94: =IF(COUNT($S94:$AB94)=0,"",SUM($S94:$AB94)) | AD94: =IF(ISERROR(IF($AC94="","",ROUND(($AC94/$AC$10)*$AD$10,2))),"",IF($AC94="","",ROUND(($AC94/$AC$10)*$AD$10,2))) | AE94: =IF($AD94="","",ROUND($AD94*$AE$10,2)) | AG94: =IF(ISBLANK(AF94),"",(AF94/$AF$10)*$AG$10) | AI94: =IF(ISBLANK(AH94),"",(AH94/$AH$10)*$AI$10) | AK94: =IF(ISBLANK(AJ94),"",(AJ94/$AJ$10)*$AK$10) | AL94: =IF(COUNTA(AF94,AH94,AJ94),AF94+AH94+AJ94,"") | AM94: =IFERROR(IF(COUNTA(AG94,AI94,AK94),(AG94+AI94+AK94),""),"") | AN94: =IF($AM94="","",ROUND($AM94*$AN$10,2)) | AO94: =IF(ISERROR(IF($AN94="","",ROUND(SUM($R94,$AE94,$AN94),2))),"",IF($AN94="","",ROUND(SUM($R94,$AE94,$AN94),2))) | AP94: =IF(ISERROR(IF($AO94="","",VLOOKUP(AO94,Table!$B$3:$E$44,4,TRUE))),"",IF($AO94="","",VLOOKUP(AO94,Table!$B$3:$E$44,4,TRUE))) | AQ94: =IF(ISERROR(IF($AP94="","",VLOOKUP(AP94,Table!$H$12:$J$16,3,TRUE))),"",IF($AP94="","",VLOOKUP(AP94,Table!$H$12:$J$16,3,TRUE))) | AR94: =IF(AP94="","",VLOOKUP(ROUND(AP94,0),Table!$H$3:$J$7,3,TRUE)) | AS94: 124811170140
A95: 23 | B95: ='INPUT DATA'!B95 -> 0 | P95: =IF(COUNT($F95:$O95)=0,"",SUM($F95:$O95)) | Q95: =IF(ISERROR(IF($P95="","",ROUND(($P95/$P$10)*$Q$10,2))),"",IF($P95="","",ROUND(($P95/$P$10)*$Q$10,2))) | R95: =IF($Q95="","",ROUND($Q95*$R$10,2)) | AC95: =IF(COUNT($S95:$AB95)=0,"",SUM($S95:$AB95)) | AD95: =IF(ISERROR(IF($AC95="","",ROUND(($AC95/$AC$10)*$AD$10,2))),"",IF($AC95="","",ROUND(($AC95/$AC$10)*$AD$10,2))) | AE95: =IF($AD95="","",ROUND($AD95*$AE$10,2)) | AG95: =IF(ISBLANK(AF95),"",(AF95/$AF$10)*$AG$10) | AI95: =IF(ISBLANK(AH95),"",(AH95/$AH$10)*$AI$10) | AK95: =IF(ISBLANK(AJ95),"",(AJ95/$AJ$10)*$AK$10) | AL95: =IF(COUNTA(AF95,AH95,AJ95),AF95+AH95+AJ95,"") | AM95: =IFERROR(IF(COUNTA(AG95,AI95,AK95),(AG95+AI95+AK95),""),"") | AN95: =IF($AM95="","",ROUND($AM95*$AN$10,2)) | AO95: =IF(ISERROR(IF($AN95="","",ROUND(SUM($R95,$AE95,$AN95),2))),"",IF($AN95="","",ROUND(SUM($R95,$AE95,$AN95),2))) | AP95: =IF(ISERROR(IF($AO95="","",VLOOKUP(AO95,Table!$B$3:$E$44,4,TRUE))),"",IF($AO95="","",VLOOKUP(AO95,Table!$B$3:$E$44,4,TRUE))) | AQ95: =IF(ISERROR(IF($AP95="","",VLOOKUP(AP95,Table!$H$12:$J$16,3,TRUE))),"",IF($AP95="","",VLOOKUP(AP95,Table!$H$12:$J$16,3,TRUE))) | AR95: =IF(AP95="","",VLOOKUP(ROUND(AP95,0),Table!$H$3:$J$7,3,TRUE)) | AS95: 124628170048
A96: 24 | B96: ='INPUT DATA'!B96 -> 0 | P96: =IF(COUNT($F96:$O96)=0,"",SUM($F96:$O96)) | Q96: =IF(ISERROR(IF($P96="","",ROUND(($P96/$P$10)*$Q$10,2))),"",IF($P96="","",ROUND(($P96/$P$10)*$Q$10,2))) | R96: =IF($Q96="","",ROUND($Q96*$R$10,2)) | AC96: =IF(COUNT($S96:$AB96)=0,"",SUM($S96:$AB96)) | AD96: =IF(ISERROR(IF($AC96="","",ROUND(($AC96/$AC$10)*$AD$10,2))),"",IF($AC96="","",ROUND(($AC96/$AC$10)*$AD$10,2))) | AE96: =IF($AD96="","",ROUND($AD96*$AE$10,2)) | AG96: =IF(ISBLANK(AF96),"",(AF96/$AF$10)*$AG$10) | AI96: =IF(ISBLANK(AH96),"",(AH96/$AH$10)*$AI$10) | AK96: =IF(ISBLANK(AJ96),"",(AJ96/$AJ$10)*$AK$10) | AL96: =IF(COUNTA(AF96,AH96,AJ96),AF96+AH96+AJ96,"") | AM96: =IFERROR(IF(COUNTA(AG96,AI96,AK96),(AG96+AI96+AK96),""),"") | AN96: =IF($AM96="","",ROUND($AM96*$AN$10,2)) | AO96: =IF(ISERROR(IF($AN96="","",ROUND(SUM($R96,$AE96,$AN96),2))),"",IF($AN96="","",ROUND(SUM($R96,$AE96,$AN96),2))) | AP96: =IF(ISERROR(IF($AO96="","",VLOOKUP(AO96,Table!$B$3:$E$44,4,TRUE))),"",IF($AO96="","",VLOOKUP(AO96,Table!$B$3:$E$44,4,TRUE))) | AQ96: =IF(ISERROR(IF($AP96="","",VLOOKUP(AP96,Table!$H$12:$J$16,3,TRUE))),"",IF($AP96="","",VLOOKUP(AP96,Table!$H$12:$J$16,3,TRUE))) | AR96: =IF(AP96="","",VLOOKUP(ROUND(AP96,0),Table!$H$3:$J$7,3,TRUE)) | AS96: 124620170017
A97: 25 | B97: ='INPUT DATA'!B97 -> 0 | P97: =IF(COUNT($F97:$O97)=0,"",SUM($F97:$O97)) | Q97: =IF(ISERROR(IF($P97="","",ROUND(($P97/$P$10)*$Q$10,2))),"",IF($P97="","",ROUND(($P97/$P$10)*$Q$10,2))) | R97: =IF($Q97="","",ROUND($Q97*$R$10,2)) | AC97: =IF(COUNT($S97:$AB97)=0,"",SUM($S97:$AB97)) | AD97: =IF(ISERROR(IF($AC97="","",ROUND(($AC97/$AC$10)*$AD$10,2))),"",IF($AC97="","",ROUND(($AC97/$AC$10)*$AD$10,2))) | AE97: =IF($AD97="","",ROUND($AD97*$AE$10,2)) | AL97: =IF(COUNT(AF97:AJ97)=0,"",SUM(AF97:AJ97)) | AM97: =IF(ISERROR(IF($AL97="","",ROUND(($AL97/$AL$10)*$AM$10,2))),"",IF($AL97="","",ROUND(($AL97/$AL$10)*$AM$10,2))) | AN97: =IF($AM97="","",ROUND($AM97*$AN$10,2)) | AO97: =IF(ISERROR(IF($AN97="","",ROUND(SUM($R97,$AE97,$AN97),2))),"",IF($AN97="","",ROUND(SUM($R97,$AE97,$AN97),2))) | AP97: =IF(ISERROR(IF($AO97="","",VLOOKUP(AO97,Table!$B$3:$E$44,4,TRUE))),"",IF($AO97="","",VLOOKUP(AO97,Table!$B$3:$E$44,4,TRUE))) | AQ97: =IF(ISERROR(IF($AP97="","",VLOOKUP(AP97,Table!$H$12:$J$16,3,TRUE))),"",IF($AP97="","",VLOOKUP(AP97,Table!$H$12:$J$16,3,TRUE))) | AR97: =IF(AP97="","",VLOOKUP(ROUND(AP97,0),Table!$H$3:$J$7,3,TRUE))
A98: 26 | B98: ='INPUT DATA'!B98 -> 0 | P98: =IF(COUNT($F98:$O98)=0,"",SUM($F98:$O98)) | Q98: =IF(ISERROR(IF($P98="","",ROUND(($P98/$P$10)*$Q$10,2))),"",IF($P98="","",ROUND(($P98/$P$10)*$Q$10,2))) | R98: =IF($Q98="","",ROUND($Q98*$R$10,2)) | AC98: =IF(COUNT($S98:$AB98)=0,"",SUM($S98:$AB98)) | AD98: =IF(ISERROR(IF($AC98="","",ROUND(($AC98/$AC$10)*$AD$10,2))),"",IF($AC98="","",ROUND(($AC98/$AC$10)*$AD$10,2))) | AE98: =IF($AD98="","",ROUND($AD98*$AE$10,2)) | AL98: =IF(COUNT(AF98:AJ98)=0,"",SUM(AF98:AJ98)) | AM98: =IF(ISERROR(IF($AL98="","",ROUND(($AL98/$AL$10)*$AM$10,2))),"",IF($AL98="","",ROUND(($AL98/$AL$10)*$AM$10,2))) | AN98: =IF($AM98="","",ROUND($AM98*$AN$10,2)) | AO98: =IF(ISERROR(IF($AN98="","",ROUND(SUM($R98,$AE98,$AN98),2))),"",IF($AN98="","",ROUND(SUM($R98,$AE98,$AN98),2))) | AP98: =IF(ISERROR(IF($AO98="","",VLOOKUP(AO98,Table!$B$3:$E$44,4,TRUE))),"",IF($AO98="","",VLOOKUP(AO98,Table!$B$3:$E$44,4,TRUE))) | AQ98: =IF(ISERROR(IF($AP98="","",VLOOKUP(AP98,Table!$H$12:$J$16,3,TRUE))),"",IF($AP98="","",VLOOKUP(AP98,Table!$H$12:$J$16,3,TRUE))) | AR98: =IF(AP98="","",VLOOKUP(ROUND(AP98,0),Table!$H$3:$J$7,3,TRUE))
A99: 27 | B99: ='INPUT DATA'!B99 -> 0 | P99: =IF(COUNT($F99:$O99)=0,"",SUM($F99:$O99)) | Q99: =IF(ISERROR(IF($P99="","",ROUND(($P99/$P$10)*$Q$10,2))),"",IF($P99="","",ROUND(($P99/$P$10)*$Q$10,2))) | R99: =IF($Q99="","",ROUND($Q99*$R$10,2)) | AC99: =IF(COUNT($S99:$AB99)=0,"",SUM($S99:$AB99)) | AD99: =IF(ISERROR(IF($AC99="","",ROUND(($AC99/$AC$10)*$AD$10,2))),"",IF($AC99="","",ROUND(($AC99/$AC$10)*$AD$10,2))) | AE99: =IF($AD99="","",ROUND($AD99*$AE$10,2)) | AL99: =IF(COUNT(AF99:AJ99)=0,"",SUM(AF99:AJ99)) | AM99: =IF(ISERROR(IF($AL99="","",ROUND(($AL99/$AL$10)*$AM$10,2))),"",IF($AL99="","",ROUND(($AL99/$AL$10)*$AM$10,2))) | AN99: =IF($AM99="","",ROUND($AM99*$AN$10,2)) | AO99: =IF(ISERROR(IF($AN99="","",ROUND(SUM($R99,$AE99,$AN99),2))),"",IF($AN99="","",ROUND(SUM($R99,$AE99,$AN99),2))) | AP99: =IF(ISERROR(IF($AO99="","",VLOOKUP(AO99,Table!$B$3:$E$44,4,TRUE))),"",IF($AO99="","",VLOOKUP(AO99,Table!$B$3:$E$44,4,TRUE))) | AQ99: =IF(ISERROR(IF($AP99="","",VLOOKUP(AP99,Table!$H$12:$J$16,3,TRUE))),"",IF($AP99="","",VLOOKUP(AP99,Table!$H$12:$J$16,3,TRUE))) | AR99: =IF(AP99="","",VLOOKUP(ROUND(AP99,0),Table!$H$3:$J$7,3,TRUE))
A100: 28 | B100: ='INPUT DATA'!B100 -> 0 | P100: =IF(COUNT($F100:$O100)=0,"",SUM($F100:$O100)) | Q100: =IF(ISERROR(IF($P100="","",ROUND(($P100/$P$10)*$Q$10,2))),"",IF($P100="","",ROUND(($P100/$P$10)*$Q$10,2))) | R100: =IF($Q100="","",ROUND($Q100*$R$10,2)) | AC100: =IF(COUNT($S100:$AB100)=0,"",SUM($S100:$AB100)) | AD100: =IF(ISERROR(IF($AC100="","",ROUND(($AC100/$AC$10)*$AD$10,2))),"",IF($AC100="","",ROUND(($AC100/$AC$10)*$AD$10,2))) | AE100: =IF($AD100="","",ROUND($AD100*$AE$10,2)) | AL100: =IF(COUNT(AF100:AJ100)=0,"",SUM(AF100:AJ100)) | AM100: =IF(ISERROR(IF($AL100="","",ROUND(($AL100/$AL$10)*$AM$10,2))),"",IF($AL100="","",ROUND(($AL100/$AL$10)*$AM$10,2))) | AN100: =IF($AM100="","",ROUND($AM100*$AN$10,2)) | AO100: =IF(ISERROR(IF($AN100="","",ROUND(SUM($R100,$AE100,$AN100),2))),"",IF($AN100="","",ROUND(SUM($R100,$AE100,$AN100),2))) | AP100: =IF(ISERROR(IF($AO100="","",VLOOKUP(AO100,Table!$B$3:$E$44,4,TRUE))),"",IF($AO100="","",VLOOKUP(AO100,Table!$B$3:$E$44,4,TRUE))) | AQ100: =IF(ISERROR(IF($AP100="","",VLOOKUP(AP100,Table!$H$12:$J$16,3,TRUE))),"",IF($AP100="","",VLOOKUP(AP100,Table!$H$12:$J$16,3,TRUE))) | AR100: =IF(AP100="","",VLOOKUP(ROUND(AP100,0),Table!$H$3:$J$7,3,TRUE))
A101: 29 | B101: ='INPUT DATA'!B101 -> 0 | P101: =IF(COUNT($F101:$O101)=0,"",SUM($F101:$O101)) | Q101: =IF(ISERROR(IF($P101="","",ROUND(($P101/$P$10)*$Q$10,2))),"",IF($P101="","",ROUND(($P101/$P$10)*$Q$10,2))) | R101: =IF($Q101="","",ROUND($Q101*$R$10,2)) | AC101: =IF(COUNT($S101:$AB101)=0,"",SUM($S101:$AB101)) | AD101: =IF(ISERROR(IF($AC101="","",ROUND(($AC101/$AC$10)*$AD$10,2))),"",IF($AC101="","",ROUND(($AC101/$AC$10)*$AD$10,2))) | AE101: =IF($AD101="","",ROUND($AD101*$AE$10,2)) | AL101: =IF(COUNT(AF101:AJ101)=0,"",SUM(AF101:AJ101)) | AM101: =IF(ISERROR(IF($AL101="","",ROUND(($AL101/$AL$10)*$AM$10,2))),"",IF($AL101="","",ROUND(($AL101/$AL$10)*$AM$10,2))) | AN101: =IF($AM101="","",ROUND($AM101*$AN$10,2)) | AO101: =IF(ISERROR(IF($AN101="","",ROUND(SUM($R101,$AE101,$AN101),2))),"",IF($AN101="","",ROUND(SUM($R101,$AE101,$AN101),2))) | AP101: =IF(ISERROR(IF($AO101="","",VLOOKUP(AO101,Table!$B$3:$E$44,4,TRUE))),"",IF($AO101="","",VLOOKUP(AO101,Table!$B$3:$E$44,4,TRUE))) | AQ101: =IF(ISERROR(IF($AP101="","",VLOOKUP(AP101,Table!$H$12:$J$16,3,TRUE))),"",IF($AP101="","",VLOOKUP(AP101,Table!$H$12:$J$16,3,TRUE))) | AR101: =IF(AP101="","",VLOOKUP(ROUND(AP101,0),Table!$H$3:$J$7,3,TRUE))
A102: 30 | B102: ='INPUT DATA'!B102 -> 0 | P102: =IF(COUNT($F102:$O102)=0,"",SUM($F102:$O102)) | Q102: =IF(ISERROR(IF($P102="","",ROUND(($P102/$P$10)*$Q$10,2))),"",IF($P102="","",ROUND(($P102/$P$10)*$Q$10,2))) | R102: =IF($Q102="","",ROUND($Q102*$R$10,2)) | AC102: =IF(COUNT($S102:$AB102)=0,"",SUM($S102:$AB102)) | AD102: =IF(ISERROR(IF($AC102="","",ROUND(($AC102/$AC$10)*$AD$10,2))),"",IF($AC102="","",ROUND(($AC102/$AC$10)*$AD$10,2))) | AE102: =IF($AD102="","",ROUND($AD102*$AE$10,2)) | AL102: =IF(COUNT(AF102:AJ102)=0,"",SUM(AF102:AJ102)) | AM102: =IF(ISERROR(IF($AL102="","",ROUND(($AL102/$AL$10)*$AM$10,2))),"",IF($AL102="","",ROUND(($AL102/$AL$10)*$AM$10,2))) | AN102: =IF($AM102="","",ROUND($AM102*$AN$10,2)) | AO102: =IF(ISERROR(IF($AN102="","",ROUND(SUM($R102,$AE102,$AN102),2))),"",IF($AN102="","",ROUND(SUM($R102,$AE102,$AN102),2))) | AP102: =IF(ISERROR(IF($AO102="","",VLOOKUP(AO102,Table!$B$3:$E$44,4,TRUE))),"",IF($AO102="","",VLOOKUP(AO102,Table!$B$3:$E$44,4,TRUE))) | AQ102: =IF(ISERROR(IF($AP102="","",VLOOKUP(AP102,Table!$H$12:$J$16,3,TRUE))),"",IF($AP102="","",VLOOKUP(AP102,Table!$H$12:$J$16,3,TRUE))) | AR102: =IF(AP102="","",VLOOKUP(ROUND(AP102,0),Table!$H$3:$J$7,3,TRUE))
A103: 31 | B103: ='INPUT DATA'!B103 -> 0 | P103: =IF(COUNT($F103:$O103)=0,"",SUM($F103:$O103)) | Q103: =IF(ISERROR(IF($P103="","",ROUND(($P103/$P$10)*$Q$10,2))),"",IF($P103="","",ROUND(($P103/$P$10)*$Q$10,2))) | R103: =IF($Q103="","",ROUND($Q103*$R$10,2)) | AC103: =IF(COUNT($S103:$AB103)=0,"",SUM($S103:$AB103)) | AD103: =IF(ISERROR(IF($AC103="","",ROUND(($AC103/$AC$10)*$AD$10,2))),"",IF($AC103="","",ROUND(($AC103/$AC$10)*$AD$10,2))) | AE103: =IF($AD103="","",ROUND($AD103*$AE$10,2)) | AL103: =IF(COUNT(AF103:AJ103)=0,"",SUM(AF103:AJ103)) | AM103: =IF(ISERROR(IF($AL103="","",ROUND(($AL103/$AL$10)*$AM$10,2))),"",IF($AL103="","",ROUND(($AL103/$AL$10)*$AM$10,2))) | AN103: =IF($AM103="","",ROUND($AM103*$AN$10,2)) | AO103: =IF(ISERROR(IF($AN103="","",ROUND(SUM($R103,$AE103,$AN103),2))),"",IF($AN103="","",ROUND(SUM($R103,$AE103,$AN103),2))) | AP103: =IF(ISERROR(IF($AO103="","",VLOOKUP(AO103,Table!$B$3:$E$44,4,TRUE))),"",IF($AO103="","",VLOOKUP(AO103,Table!$B$3:$E$44,4,TRUE))) | AQ103: =IF(ISERROR(IF($AP103="","",VLOOKUP(AP103,Table!$H$12:$J$16,3,TRUE))),"",IF($AP103="","",VLOOKUP(AP103,Table!$H$12:$J$16,3,TRUE))) | AR103: =IF(AP103="","",VLOOKUP(ROUND(AP103,0),Table!$H$3:$J$7,3,TRUE))
A104: 32 | B104: ='INPUT DATA'!B104 -> 0 | P104: =IF(COUNT($F104:$O104)=0,"",SUM($F104:$O104)) | Q104: =IF(ISERROR(IF($P104="","",ROUND(($P104/$P$10)*$Q$10,2))),"",IF($P104="","",ROUND(($P104/$P$10)*$Q$10,2))) | R104: =IF($Q104="","",ROUND($Q104*$R$10,2)) | AC104: =IF(COUNT($S104:$AB104)=0,"",SUM($S104:$AB104)) | AD104: =IF(ISERROR(IF($AC104="","",ROUND(($AC104/$AC$10)*$AD$10,2))),"",IF($AC104="","",ROUND(($AC104/$AC$10)*$AD$10,2))) | AE104: =IF($AD104="","",ROUND($AD104*$AE$10,2)) | AL104: =IF(COUNT(AF104:AJ104)=0,"",SUM(AF104:AJ104)) | AM104: =IF(ISERROR(IF($AL104="","",ROUND(($AL104/$AL$10)*$AM$10,2))),"",IF($AL104="","",ROUND(($AL104/$AL$10)*$AM$10,2))) | AN104: =IF($AM104="","",ROUND($AM104*$AN$10,2)) | AO104: =IF(ISERROR(IF($AN104="","",ROUND(SUM($R104,$AE104,$AN104),2))),"",IF($AN104="","",ROUND(SUM($R104,$AE104,$AN104),2))) | AP104: =IF(ISERROR(IF($AO104="","",VLOOKUP(AO104,Table!$B$3:$E$44,4,TRUE))),"",IF($AO104="","",VLOOKUP(AO104,Table!$B$3:$E$44,4,TRUE))) | AQ104: =IF(ISERROR(IF($AP104="","",VLOOKUP(AP104,Table!$H$12:$J$16,3,TRUE))),"",IF($AP104="","",VLOOKUP(AP104,Table!$H$12:$J$16,3,TRUE))) | AR104: =IF(AP104="","",VLOOKUP(ROUND(AP104,0),Table!$H$3:$J$7,3,TRUE))
A105: 33 | B105: ='INPUT DATA'!B105 -> 0 | P105: =IF(COUNT($F105:$O105)=0,"",SUM($F105:$O105)) | Q105: =IF(ISERROR(IF($P105="","",ROUND(($P105/$P$10)*$Q$10,2))),"",IF($P105="","",ROUND(($P105/$P$10)*$Q$10,2))) | R105: =IF($Q105="","",ROUND($Q105*$R$10,2)) | AC105: =IF(COUNT($S105:$AB105)=0,"",SUM($S105:$AB105)) | AD105: =IF(ISERROR(IF($AC105="","",ROUND(($AC105/$AC$10)*$AD$10,2))),"",IF($AC105="","",ROUND(($AC105/$AC$10)*$AD$10,2))) | AE105: =IF($AD105="","",ROUND($AD105*$AE$10,2)) | AL105: =IF(COUNT(AF105:AJ105)=0,"",SUM(AF105:AJ105)) | AM105: =IF(ISERROR(IF($AL105="","",ROUND(($AL105/$AL$10)*$AM$10,2))),"",IF($AL105="","",ROUND(($AL105/$AL$10)*$AM$10,2))) | AN105: =IF($AM105="","",ROUND($AM105*$AN$10,2)) | AO105: =IF(ISERROR(IF($AN105="","",ROUND(SUM($R105,$AE105,$AN105),2))),"",IF($AN105="","",ROUND(SUM($R105,$AE105,$AN105),2))) | AP105: =IF(ISERROR(IF($AO105="","",VLOOKUP(AO105,Table!$B$3:$E$44,4,TRUE))),"",IF($AO105="","",VLOOKUP(AO105,Table!$B$3:$E$44,4,TRUE))) | AQ105: =IF(ISERROR(IF($AP105="","",VLOOKUP(AP105,Table!$H$12:$J$16,3,TRUE))),"",IF($AP105="","",VLOOKUP(AP105,Table!$H$12:$J$16,3,TRUE))) | AR105: =IF(AP105="","",VLOOKUP(ROUND(AP105,0),Table!$H$3:$J$7,3,TRUE))
A106: 34 | B106: ='INPUT DATA'!B106 -> 0 | P106: =IF(COUNT($F106:$O106)=0,"",SUM($F106:$O106)) | Q106: =IF(ISERROR(IF($P106="","",ROUND(($P106/$P$10)*$Q$10,2))),"",IF($P106="","",ROUND(($P106/$P$10)*$Q$10,2))) | R106: =IF($Q106="","",ROUND($Q106*$R$10,2)) | AC106: =IF(COUNT($S106:$AB106)=0,"",SUM($S106:$AB106)) | AD106: =IF(ISERROR(IF($AC106="","",ROUND(($AC106/$AC$10)*$AD$10,2))),"",IF($AC106="","",ROUND(($AC106/$AC$10)*$AD$10,2))) | AE106: =IF($AD106="","",ROUND($AD106*$AE$10,2)) | AL106: =IF(COUNT(AF106:AJ106)=0,"",SUM(AF106:AJ106)) | AM106: =IF(ISERROR(IF($AL106="","",ROUND(($AL106/$AL$10)*$AM$10,2))),"",IF($AL106="","",ROUND(($AL106/$AL$10)*$AM$10,2))) | AN106: =IF($AM106="","",ROUND($AM106*$AN$10,2)) | AO106: =IF(ISERROR(IF($AN106="","",ROUND(SUM($R106,$AE106,$AN106),2))),"",IF($AN106="","",ROUND(SUM($R106,$AE106,$AN106),2))) | AP106: =IF(ISERROR(IF($AO106="","",VLOOKUP(AO106,Table!$B$3:$E$44,4,TRUE))),"",IF($AO106="","",VLOOKUP(AO106,Table!$B$3:$E$44,4,TRUE))) | AQ106: =IF(ISERROR(IF($AP106="","",VLOOKUP(AP106,Table!$H$12:$J$16,3,TRUE))),"",IF($AP106="","",VLOOKUP(AP106,Table!$H$12:$J$16,3,TRUE))) | AR106: =IF(AP106="","",VLOOKUP(ROUND(AP106,0),Table!$H$3:$J$7,3,TRUE))
A107: 35 | B107: ='INPUT DATA'!B107 -> 0 | P107: =IF(COUNT($F107:$O107)=0,"",SUM($F107:$O107)) | Q107: =IF(ISERROR(IF($P107="","",ROUND(($P107/$P$10)*$Q$10,2))),"",IF($P107="","",ROUND(($P107/$P$10)*$Q$10,2))) | R107: =IF($Q107="","",ROUND($Q107*$R$10,2)) | AC107: =IF(COUNT($S107:$AB107)=0,"",SUM($S107:$AB107)) | AD107: =IF(ISERROR(IF($AC107="","",ROUND(($AC107/$AC$10)*$AD$10,2))),"",IF($AC107="","",ROUND(($AC107/$AC$10)*$AD$10,2))) | AE107: =IF($AD107="","",ROUND($AD107*$AE$10,2)) | AL107: =IF(COUNT(AF107:AJ107)=0,"",SUM(AF107:AJ107)) | AM107: =IF(ISERROR(IF($AL107="","",ROUND(($AL107/$AL$10)*$AM$10,2))),"",IF($AL107="","",ROUND(($AL107/$AL$10)*$AM$10,2))) | AN107: =IF($AM107="","",ROUND($AM107*$AN$10,2)) | AO107: =IF(ISERROR(IF($AN107="","",ROUND(SUM($R107,$AE107,$AN107),2))),"",IF($AN107="","",ROUND(SUM($R107,$AE107,$AN107),2))) | AP107: =IF(ISERROR(IF($AO107="","",VLOOKUP(AO107,Table!$B$3:$E$44,4,TRUE))),"",IF($AO107="","",VLOOKUP(AO107,Table!$B$3:$E$44,4,TRUE))) | AQ107: =IF(ISERROR(IF($AP107="","",VLOOKUP(AP107,Table!$H$12:$J$16,3,TRUE))),"",IF($AP107="","",VLOOKUP(AP107,Table!$H$12:$J$16,3,TRUE))) | AR107: =IF(AP107="","",VLOOKUP(ROUND(AP107,0),Table!$H$3:$J$7,3,TRUE))
A108: 36 | B108: ='INPUT DATA'!B108 -> 0 | P108: =IF(COUNT($F108:$O108)=0,"",SUM($F108:$O108)) | Q108: =IF(ISERROR(IF($P108="","",ROUND(($P108/$P$10)*$Q$10,2))),"",IF($P108="","",ROUND(($P108/$P$10)*$Q$10,2))) | R108: =IF($Q108="","",ROUND($Q108*$R$10,2)) | AC108: =IF(COUNT($S108:$AB108)=0,"",SUM($S108:$AB108)) | AD108: =IF(ISERROR(IF($AC108="","",ROUND(($AC108/$AC$10)*$AD$10,2))),"",IF($AC108="","",ROUND(($AC108/$AC$10)*$AD$10,2))) | AE108: =IF($AD108="","",ROUND($AD108*$AE$10,2)) | AL108: =IF(COUNT(AF108:AJ108)=0,"",SUM(AF108:AJ108)) | AM108: =IF(ISERROR(IF($AL108="","",ROUND(($AL108/$AL$10)*$AM$10,2))),"",IF($AL108="","",ROUND(($AL108/$AL$10)*$AM$10,2))) | AN108: =IF($AM108="","",ROUND($AM108*$AN$10,2)) | AO108: =IF(ISERROR(IF($AN108="","",ROUND(SUM($R108,$AE108,$AN108),2))),"",IF($AN108="","",ROUND(SUM($R108,$AE108,$AN108),2))) | AP108: =IF(ISERROR(IF($AO108="","",VLOOKUP(AO108,Table!$B$3:$E$44,4,TRUE))),"",IF($AO108="","",VLOOKUP(AO108,Table!$B$3:$E$44,4,TRUE))) | AQ108: =IF(ISERROR(IF($AP108="","",VLOOKUP(AP108,Table!$H$12:$J$16,3,TRUE))),"",IF($AP108="","",VLOOKUP(AP108,Table!$H$12:$J$16,3,TRUE))) | AR108: =IF(AP108="","",VLOOKUP(ROUND(AP108,0),Table!$H$3:$J$7,3,TRUE))
...

Sheet Term 2
A1: Class Record | AS1: LRN
A3: (Pursuant to Deped Order 8 series of 2015)
C4: REGION | G4: ='INPUT DATA'!G4 -> IX | L4: DIVISION | O4: ='INPUT DATA'!O4 -> Schools Division of Zamboanga del Norte | T4: DISTRICT | X4: ='INPUT DATA'!X4 -> 0
B5: SCHOOL NAME | G5: ='INPUT DATA'!G5 -> 0 | T5: SCHOOL ID | X5: ='INPUT DATA'!X5 -> 0 | AD5: SCHOOL YEAR | AM5: ='INPUT DATA'!AG5 -> 0
A7: Term 1 | F7: GRADE & SECTION: | K7: ='INPUT DATA'!K7 -> 0 | Q7: TEACHER: | S7: ='INPUT DATA'!S7 -> 0 | AC7: SUBJECT: | AM7: ='INPUT DATA'!AG7 -> 0
B8: LEARNERS' NAMES | F8: WRITTEN WORKS (20%) | S8: PERFORMANCE TASKS (60%) | AF8: Summative and Term Examination (20%) | AO8: Initial Grade | AP8: Term Grade | AQ8: Letter Grade | AR8: Descriptive Rating
F9: 1 | G9: 2 | H9: 3 | I9: 4 | J9: 5 | K9: 6 | L9: 7 | M9: 8 | N9: 9 | O9: 10 | P9: Total | Q9: PS | R9: WS | S9: 1 | T9: 2 | U9: 3 | V9: 4 | W9: 5 | X9: 6 | Y9: 7 | Z9: 8 | AA9: 9 | AB9: 10 | AC9: Total | AD9: PS | AE9: WS | AF9: ST1 | AG9: WS1 | AH9: ST2 | AI9: WS2 | AJ9: TE | AK9: WST | AL9: Total | AM9: PS | AN9: WS
B10: HIGHEST POSSIBLE SCORE | P10: =IF(COUNT($F10:$O10)=0,"",SUM($F10:$O10)) | Q10: 100 | R10: 0.2 | AC10: =IF(COUNT($S10:$AB10)=0,"",SUM($S10:$AB10)) | AD10: 100 | AE10: 0.6 | AG10: 30 | AH10: 25 | AI10: 30 | AK10: 40 | AL10: =IF(COUNT(AF10:AJ10)=0,"",SUM(AF10:AJ10)) -> 85 | AM10: 100 | AN10: 0.2
B11: MALE
A12: 1 | B12: ='INPUT DATA'!B12 -> 0 | P12: =IF(COUNT($F12:$O12)=0,"",SUM($F12:$O12)) | Q12: =IF(ISERROR(IF($P12="","",ROUND(($P12/$P$10)*$Q$10,2))),"",IF($P12="","",ROUND(($P12/$P$10)*$Q$10,2))) | R12: =IF($Q12="","",ROUND($Q12*$R$10,2)) | AC12: =IF(COUNT($S12:$AB12)=0,"",SUM($S12:$AB12)) | AD12: =IF(ISERROR(IF($AC12="","",ROUND(($AC12/$AC$10)*$AD$10,2))),"",IF($AC12="","",ROUND(($AC12/$AC$10)*$AD$10,2))) | AE12: =IF($AD12="","",ROUND($AD12*$AE$10,2)) | AG12: =IF(ISBLANK(AF12),"",(AF12/$AF$10)*$AG$10) | AI12: =IF(ISBLANK(AH12),"",(AH12/$AH$10)*$AI$10) | AK12: =IF(ISBLANK(AJ12),"",(AJ12/$AJ$10)*$AK$10) | AL12: =IF(COUNTA(AF12,AH12,AJ12),AF12+AH12+AJ12,"") | AM12: =IFERROR(IF(COUNTA(AG12,AI12,AK12),(AG12+AI12+AK12),""),"") | AN12: =IF($AM12="","",ROUND($AM12*$AN$10,2)) | AO12: =IF(ISERROR(IF($AN12="","",ROUND(SUM($R12,$AE12,$AN12),2))),"",IF($AN12="","",ROUND(SUM($R12,$AE12,$AN12),2))) | AP12: =IF(ISERROR(IF($AO12="","",VLOOKUP(AO12,Table!$B$3:$E$44,4,TRUE))),"",IF($AO12="","",VLOOKUP(AO12,Table!$B$3:$E$44,4,TRUE))) | AQ12: =IF(ISERROR(IF($AP12="","",VLOOKUP(AP12,Table!$H$12:$J$16,3,TRUE))),"",IF($AP12="","",VLOOKUP(AP12,Table!$H$12:$J$16,3,TRUE))) | AR12: =IF(AP12="","",VLOOKUP(ROUND(AP12,0),Table!$H$3:$J$7,3,TRUE)) | AS12: 124623170080
A13: 2 | B13: ='INPUT DATA'!B13 -> 0 | P13: =IF(COUNT($F13:$O13)=0,"",SUM($F13:$O13)) | Q13: =IF(ISERROR(IF($P13="","",ROUND(($P13/$P$10)*$Q$10,2))),"",IF($P13="","",ROUND(($P13/$P$10)*$Q$10,2))) | R13: =IF($Q13="","",ROUND($Q13*$R$10,2)) | AC13: =IF(COUNT($S13:$AB13)=0,"",SUM($S13:$AB13)) | AD13: =IF(ISERROR(IF($AC13="","",ROUND(($AC13/$AC$10)*$AD$10,2))),"",IF($AC13="","",ROUND(($AC13/$AC$10)*$AD$10,2))) | AE13: =IF($AD13="","",ROUND($AD13*$AE$10,2)) | AG13: =IF(ISBLANK(AF13),"",(AF13/$AF$10)*$AG$10) | AI13: =IF(ISBLANK(AH13),"",(AH13/$AH$10)*$AI$10) | AK13: =IF(ISBLANK(AJ13),"",(AJ13/$AJ$10)*$AK$10) | AL13: =IF(COUNTA(AF13,AH13,AJ13),AF13+AH13+AJ13,"") | AM13: =IFERROR(IF(COUNTA(AG13,AI13,AK13),(AG13+AI13+AK13),""),"") | AN13: =IF($AM13="","",ROUND($AM13*$AN$10,2)) | AO13: =IF(ISERROR(IF($AN13="","",ROUND(SUM($R13,$AE13,$AN13),2))),"",IF($AN13="","",ROUND(SUM($R13,$AE13,$AN13),2))) | AP13: =IF(ISERROR(IF($AO13="","",VLOOKUP(AO13,Table!$B$3:$E$44,4,TRUE))),"",IF($AO13="","",VLOOKUP(AO13,Table!$B$3:$E$44,4,TRUE))) | AQ13: =IF(ISERROR(IF($AP13="","",VLOOKUP(AP13,Table!$H$12:$J$16,3,TRUE))),"",IF($AP13="","",VLOOKUP(AP13,Table!$H$12:$J$16,3,TRUE))) | AR13: =IF(AP13="","",VLOOKUP(ROUND(AP13,0),Table!$H$3:$J$7,3,TRUE)) | AS13: 124623170082
A14: 3 | B14: ='INPUT DATA'!B14 -> 0 | P14: =IF(COUNT($F14:$O14)=0,"",SUM($F14:$O14)) | Q14: =IF(ISERROR(IF($P14="","",ROUND(($P14/$P$10)*$Q$10,2))),"",IF($P14="","",ROUND(($P14/$P$10)*$Q$10,2))) | R14: =IF($Q14="","",ROUND($Q14*$R$10,2)) | AC14: =IF(COUNT($S14:$AB14)=0,"",SUM($S14:$AB14)) | AD14: =IF(ISERROR(IF($AC14="","",ROUND(($AC14/$AC$10)*$AD$10,2))),"",IF($AC14="","",ROUND(($AC14/$AC$10)*$AD$10,2))) | AE14: =IF($AD14="","",ROUND($AD14*$AE$10,2)) | AG14: =IF(ISBLANK(AF14),"",(AF14/$AF$10)*$AG$10) | AI14: =IF(ISBLANK(AH14),"",(AH14/$AH$10)*$AI$10) | AK14: =IF(ISBLANK(AJ14),"",(AJ14/$AJ$10)*$AK$10) | AL14: =IF(COUNTA(AF14,AH14,AJ14),AF14+AH14+AJ14,"") | AM14: =IFERROR(IF(COUNTA(AG14,AI14,AK14),(AG14+AI14+AK14),""),"") | AN14: =IF($AM14="","",ROUND($AM14*$AN$10,2)) | AO14: =IF(ISERROR(IF($AN14="","",ROUND(SUM($R14,$AE14,$AN14),2))),"",IF($AN14="","",ROUND(SUM($R14,$AE14,$AN14),2))) | AP14: =IF(ISERROR(IF($AO14="","",VLOOKUP(AO14,Table!$B$3:$E$44,4,TRUE))),"",IF($AO14="","",VLOOKUP(AO14,Table!$B$3:$E$44,4,TRUE))) | AQ14: =IF(ISERROR(IF($AP14="","",VLOOKUP(AP14,Table!$H$12:$J$16,3,TRUE))),"",IF($AP14="","",VLOOKUP(AP14,Table!$H$12:$J$16,3,TRUE))) | AR14: =IF(AP14="","",VLOOKUP(ROUND(AP14,0),Table!$H$3:$J$7,3,TRUE)) | AS14: 124623160139
A15: 4 | B15: ='INPUT DATA'!B15 -> 0 | P15: =IF(COUNT($F15:$O15)=0,"",SUM($F15:$O15)) | Q15: =IF(ISERROR(IF($P15="","",ROUND(($P15/$P$10)*$Q$10,2))),"",IF($P15="","",ROUND(($P15/$P$10)*$Q$10,2))) | R15: =IF($Q15="","",ROUND($Q15*$R$10,2)) | AC15: =IF(COUNT($S15:$AB15)=0,"",SUM($S15:$AB15)) | AD15: =IF(ISERROR(IF($AC15="","",ROUND(($AC15/$AC$10)*$AD$10,2))),"",IF($AC15="","",ROUND(($AC15/$AC$10)*$AD$10,2))) | AE15: =IF($AD15="","",ROUND($AD15*$AE$10,2)) | AG15: =IF(ISBLANK(AF15),"",(AF15/$AF$10)*$AG$10) | AI15: =IF(ISBLANK(AH15),"",(AH15/$AH$10)*$AI$10) | AK15: =IF(ISBLANK(AJ15),"",(AJ15/$AJ$10)*$AK$10) | AL15: =IF(COUNTA(AF15,AH15,AJ15),AF15+AH15+AJ15,"") | AM15: =IFERROR(IF(COUNTA(AG15,AI15,AK15),(AG15+AI15+AK15),""),"") | AN15: =IF($AM15="","",ROUND($AM15*$AN$10,2)) | AO15: =IF(ISERROR(IF($AN15="","",ROUND(SUM($R15,$AE15,$AN15),2))),"",IF($AN15="","",ROUND(SUM($R15,$AE15,$AN15),2))) | AP15: =IF(ISERROR(IF($AO15="","",VLOOKUP(AO15,Table!$B$3:$E$44,4,TRUE))),"",IF($AO15="","",VLOOKUP(AO15,Table!$B$3:$E$44,4,TRUE))) | AQ15: =IF(ISERROR(IF($AP15="","",VLOOKUP(AP15,Table!$H$12:$J$16,3,TRUE))),"",IF($AP15="","",VLOOKUP(AP15,Table!$H$12:$J$16,3,TRUE))) | AR15: =IF(AP15="","",VLOOKUP(ROUND(AP15,0),Table!$H$3:$J$7,3,TRUE)) | AS15: 125785170007
A16: 5 | B16: ='INPUT DATA'!B16 -> 0 | P16: =IF(COUNT($F16:$O16)=0,"",SUM($F16:$O16)) | Q16: =IF(ISERROR(IF($P16="","",ROUND(($P16/$P$10)*$Q$10,2))),"",IF($P16="","",ROUND(($P16/$P$10)*$Q$10,2))) | R16: =IF($Q16="","",ROUND($Q16*$R$10,2)) | AC16: =IF(COUNT($S16:$AB16)=0,"",SUM($S16:$AB16)) | AD16: =IF(ISERROR(IF($AC16="","",ROUND(($AC16/$AC$10)*$AD$10,2))),"",IF($AC16="","",ROUND(($AC16/$AC$10)*$AD$10,2))) | AE16: =IF($AD16="","",ROUND($AD16*$AE$10,2)) | AG16: =IF(ISBLANK(AF16),"",(AF16/$AF$10)*$AG$10) | AI16: =IF(ISBLANK(AH16),"",(AH16/$AH$10)*$AI$10) | AK16: =IF(ISBLANK(AJ16),"",(AJ16/$AJ$10)*$AK$10) | AL16: =IF(COUNTA(AF16,AH16,AJ16),AF16+AH16+AJ16,"") | AM16: =IFERROR(IF(COUNTA(AG16,AI16,AK16),(AG16+AI16+AK16),""),"") | AN16: =IF($AM16="","",ROUND($AM16*$AN$10,2)) | AO16: =IF(ISERROR(IF($AN16="","",ROUND(SUM($R16,$AE16,$AN16),2))),"",IF($AN16="","",ROUND(SUM($R16,$AE16,$AN16),2))) | AP16: =IF(ISERROR(IF($AO16="","",VLOOKUP(AO16,Table!$B$3:$E$44,4,TRUE))),"",IF($AO16="","",VLOOKUP(AO16,Table!$B$3:$E$44,4,TRUE))) | AQ16: =IF(ISERROR(IF($AP16="","",VLOOKUP(AP16,Table!$H$12:$J$16,3,TRUE))),"",IF($AP16="","",VLOOKUP(AP16,Table!$H$12:$J$16,3,TRUE))) | AR16: =IF(AP16="","",VLOOKUP(ROUND(AP16,0),Table!$H$3:$J$7,3,TRUE)) | AS16: 124628170031
A17: 6 | B17: ='INPUT DATA'!B17 -> 0 | P17: =IF(COUNT($F17:$O17)=0,"",SUM($F17:$O17)) | Q17: =IF(ISERROR(IF($P17="","",ROUND(($P17/$P$10)*$Q$10,2))),"",IF($P17="","",ROUND(($P17/$P$10)*$Q$10,2))) | R17: =IF($Q17="","",ROUND($Q17*$R$10,2)) | AC17: =IF(COUNT($S17:$AB17)=0,"",SUM($S17:$AB17)) | AD17: =IF(ISERROR(IF($AC17="","",ROUND(($AC17/$AC$10)*$AD$10,2))),"",IF($AC17="","",ROUND(($AC17/$AC$10)*$AD$10,2))) | AE17: =IF($AD17="","",ROUND($AD17*$AE$10,2)) | AG17: =IF(ISBLANK(AF17),"",(AF17/$AF$10)*$AG$10) | AI17: =IF(ISBLANK(AH17),"",(AH17/$AH$10)*$AI$10) | AK17: =IF(ISBLANK(AJ17),"",(AJ17/$AJ$10)*$AK$10) | AL17: =IF(COUNTA(AF17,AH17,AJ17),AF17+AH17+AJ17,"") | AM17: =IFERROR(IF(COUNTA(AG17,AI17,AK17),(AG17+AI17+AK17),""),"") | AN17: =IF($AM17="","",ROUND($AM17*$AN$10,2)) | AO17: =IF(ISERROR(IF($AN17="","",ROUND(SUM($R17,$AE17,$AN17),2))),"",IF($AN17="","",ROUND(SUM($R17,$AE17,$AN17),2))) | AP17: =IF(ISERROR(IF($AO17="","",VLOOKUP(AO17,Table!$B$3:$E$44,4,TRUE))),"",IF($AO17="","",VLOOKUP(AO17,Table!$B$3:$E$44,4,TRUE))) | AQ17: =IF(ISERROR(IF($AP17="","",VLOOKUP(AP17,Table!$H$12:$J$16,3,TRUE))),"",IF($AP17="","",VLOOKUP(AP17,Table!$H$12:$J$16,3,TRUE))) | AR17: =IF(AP17="","",VLOOKUP(ROUND(AP17,0),Table!$H$3:$J$7,3,TRUE)) | AS17: 12427570007
A18: 7 | B18: ='INPUT DATA'!B18 -> 0 | P18: =IF(COUNT($F18:$O18)=0,"",SUM($F18:$O18)) | Q18: =IF(ISERROR(IF($P18="","",ROUND(($P18/$P$10)*$Q$10,2))),"",IF($P18="","",ROUND(($P18/$P$10)*$Q$10,2))) | R18: =IF($Q18="","",ROUND($Q18*$R$10,2)) | AC18: =IF(COUNT($S18:$AB18)=0,"",SUM($S18:$AB18)) | AD18: =IF(ISERROR(IF($AC18="","",ROUND(($AC18/$AC$10)*$AD$10,2))),"",IF($AC18="","",ROUND(($AC18/$AC$10)*$AD$10,2))) | AE18: =IF($AD18="","",ROUND($AD18*$AE$10,2)) | AG18: =IF(ISBLANK(AF18),"",(AF18/$AF$10)*$AG$10) | AI18: =IF(ISBLANK(AH18),"",(AH18/$AH$10)*$AI$10) | AK18: =IF(ISBLANK(AJ18),"",(AJ18/$AJ$10)*$AK$10) | AL18: =IF(COUNTA(AF18,AH18,AJ18),AF18+AH18+AJ18,"") | AM18: =IFERROR(IF(COUNTA(AG18,AI18,AK18),(AG18+AI18+AK18),""),"") | AN18: =IF($AM18="","",ROUND($AM18*$AN$10,2)) | AO18: =IF(ISERROR(IF($AN18="","",ROUND(SUM($R18,$AE18,$AN18),2))),"",IF($AN18="","",ROUND(SUM($R18,$AE18,$AN18),2))) | AP18: =IF(ISERROR(IF($AO18="","",VLOOKUP(AO18,Table!$B$3:$E$44,4,TRUE))),"",IF($AO18="","",VLOOKUP(AO18,Table!$B$3:$E$44,4,TRUE))) | AQ18: =IF(ISERROR(IF($AP18="","",VLOOKUP(AP18,Table!$H$12:$J$16,3,TRUE))),"",IF($AP18="","",VLOOKUP(AP18,Table!$H$12:$J$16,3,TRUE))) | AR18: =IF(AP18="","",VLOOKUP(ROUND(AP18,0),Table!$H$3:$J$7,3,TRUE)) | AS18: 124625150005
A19: 8 | B19: ='INPUT DATA'!B19 -> 0 | D19: 0 | P19: =IF(COUNT($F19:$O19)=0,"",SUM($F19:$O19)) | Q19: =IF(ISERROR(IF($P19="","",ROUND(($P19/$P$10)*$Q$10,2))),"",IF($P19="","",ROUND(($P19/$P$10)*$Q$10,2))) | R19: =IF($Q19="","",ROUND($Q19*$R$10,2)) | AC19: =IF(COUNT($S19:$AB19)=0,"",SUM($S19:$AB19)) | AD19: =IF(ISERROR(IF($AC19="","",ROUND(($AC19/$AC$10)*$AD$10,2))),"",IF($AC19="","",ROUND(($AC19/$AC$10)*$AD$10,2))) | AE19: =IF($AD19="","",ROUND($AD19*$AE$10,2)) | AG19: =IF(ISBLANK(AF19),"",(AF19/$AF$10)*$AG$10) | AI19: =IF(ISBLANK(AH19),"",(AH19/$AH$10)*$AI$10) | AK19: =IF(ISBLANK(AJ19),"",(AJ19/$AJ$10)*$AK$10) | AL19: =IF(COUNTA(AF19,AH19,AJ19),AF19+AH19+AJ19,"") | AM19: =IFERROR(IF(COUNTA(AG19,AI19,AK19),(AG19+AI19+AK19),""),"") | AN19: =IF($AM19="","",ROUND($AM19*$AN$10,2)) | AO19: =IF(ISERROR(IF($AN19="","",ROUND(SUM($R19,$AE19,$AN19),2))),"",IF($AN19="","",ROUND(SUM($R19,$AE19,$AN19),2))) | AP19: =IF(ISERROR(IF($AO19="","",VLOOKUP(AO19,Table!$B$3:$E$44,4,TRUE))),"",IF($AO19="","",VLOOKUP(AO19,Table!$B$3:$E$44,4,TRUE))) | AQ19: =IF(ISERROR(IF($AP19="","",VLOOKUP(AP19,Table!$H$12:$J$16,3,TRUE))),"",IF($AP19="","",VLOOKUP(AP19,Table!$H$12:$J$16,3,TRUE))) | AR19: =IF(AP19="","",VLOOKUP(ROUND(AP19,0),Table!$H$3:$J$7,3,TRUE)) | AS19: 124628160034
A20: 9 | B20: ='INPUT DATA'!B20 -> 0 | P20: =IF(COUNT($F20:$O20)=0,"",SUM($F20:$O20)) | Q20: =IF(ISERROR(IF($P20="","",ROUND(($P20/$P$10)*$Q$10,2))),"",IF($P20="","",ROUND(($P20/$P$10)*$Q$10,2))) | R20: =IF($Q20="","",ROUND($Q20*$R$10,2)) | AC20: =IF(COUNT($S20:$AB20)=0,"",SUM($S20:$AB20)) | AD20: =IF(ISERROR(IF($AC20="","",ROUND(($AC20/$AC$10)*$AD$10,2))),"",IF($AC20="","",ROUND(($AC20/$AC$10)*$AD$10,2))) | AE20: =IF($AD20="","",ROUND($AD20*$AE$10,2)) | AG20: =IF(ISBLANK(AF20),"",(AF20/$AF$10)*$AG$10) | AI20: =IF(ISBLANK(AH20),"",(AH20/$AH$10)*$AI$10) | AK20: =IF(ISBLANK(AJ20),"",(AJ20/$AJ$10)*$AK$10) | AL20: =IF(COUNTA(AF20,AH20,AJ20),AF20+AH20+AJ20,"") | AM20: =IFERROR(IF(COUNTA(AG20,AI20,AK20),(AG20+AI20+AK20),""),"") | AN20: =IF($AM20="","",ROUND($AM20*$AN$10,2)) | AO20: =IF(ISERROR(IF($AN20="","",ROUND(SUM($R20,$AE20,$AN20),2))),"",IF($AN20="","",ROUND(SUM($R20,$AE20,$AN20),2))) | AP20: =IF(ISERROR(IF($AO20="","",VLOOKUP(AO20,Table!$B$3:$E$44,4,TRUE))),"",IF($AO20="","",VLOOKUP(AO20,Table!$B$3:$E$44,4,TRUE))) | AQ20: =IF(ISERROR(IF($AP20="","",VLOOKUP(AP20,Table!$H$12:$J$16,3,TRUE))),"",IF($AP20="","",VLOOKUP(AP20,Table!$H$12:$J$16,3,TRUE))) | AR20: =IF(AP20="","",VLOOKUP(ROUND(AP20,0),Table!$H$3:$J$7,3,TRUE)) | AS20: 124623150072
A21: 10 | B21: ='INPUT DATA'!B21 -> 0 | P21: =IF(COUNT($F21:$O21)=0,"",SUM($F21:$O21)) | Q21: =IF(ISERROR(IF($P21="","",ROUND(($P21/$P$10)*$Q$10,2))),"",IF($P21="","",ROUND(($P21/$P$10)*$Q$10,2))) | R21: =IF($Q21="","",ROUND($Q21*$R$10,2)) | AC21: =IF(COUNT($S21:$AB21)=0,"",SUM($S21:$AB21)) | AD21: =IF(ISERROR(IF($AC21="","",ROUND(($AC21/$AC$10)*$AD$10,2))),"",IF($AC21="","",ROUND(($AC21/$AC$10)*$AD$10,2))) | AE21: =IF($AD21="","",ROUND($AD21*$AE$10,2)) | AG21: =IF(ISBLANK(AF21),"",(AF21/$AF$10)*$AG$10) | AI21: =IF(ISBLANK(AH21),"",(AH21/$AH$10)*$AI$10) | AK21: =IF(ISBLANK(AJ21),"",(AJ21/$AJ$10)*$AK$10) | AL21: =IF(COUNTA(AF21,AH21,AJ21),AF21+AH21+AJ21,"") | AM21: =IFERROR(IF(COUNTA(AG21,AI21,AK21),(AG21+AI21+AK21),""),"") | AN21: =IF($AM21="","",ROUND($AM21*$AN$10,2)) | AO21: =IF(ISERROR(IF($AN21="","",ROUND(SUM($R21,$AE21,$AN21),2))),"",IF($AN21="","",ROUND(SUM($R21,$AE21,$AN21),2))) | AP21: =IF(ISERROR(IF($AO21="","",VLOOKUP(AO21,Table!$B$3:$E$44,4,TRUE))),"",IF($AO21="","",VLOOKUP(AO21,Table!$B$3:$E$44,4,TRUE))) | AQ21: =IF(ISERROR(IF($AP21="","",VLOOKUP(AP21,Table!$H$12:$J$16,3,TRUE))),"",IF($AP21="","",VLOOKUP(AP21,Table!$H$12:$J$16,3,TRUE))) | AR21: =IF(AP21="","",VLOOKUP(ROUND(AP21,0),Table!$H$3:$J$7,3,TRUE)) | AS21: 124623170177
A22: 11 | B22: ='INPUT DATA'!B22 -> 0 | D22: 0 | P22: =IF(COUNT($F22:$O22)=0,"",SUM($F22:$O22)) | Q22: =IF(ISERROR(IF($P22="","",ROUND(($P22/$P$10)*$Q$10,2))),"",IF($P22="","",ROUND(($P22/$P$10)*$Q$10,2))) | R22: =IF($Q22="","",ROUND($Q22*$R$10,2)) | AC22: =IF(COUNT($S22:$AB22)=0,"",SUM($S22:$AB22)) | AD22: =IF(ISERROR(IF($AC22="","",ROUND(($AC22/$AC$10)*$AD$10,2))),"",IF($AC22="","",ROUND(($AC22/$AC$10)*$AD$10,2))) | AE22: =IF($AD22="","",ROUND($AD22*$AE$10,2)) | AG22: =IF(ISBLANK(AF22),"",(AF22/$AF$10)*$AG$10) | AI22: =IF(ISBLANK(AH22),"",(AH22/$AH$10)*$AI$10) | AK22: =IF(ISBLANK(AJ22),"",(AJ22/$AJ$10)*$AK$10) | AL22: =IF(COUNTA(AF22,AH22,AJ22),AF22+AH22+AJ22,"") | AM22: =IFERROR(IF(COUNTA(AG22,AI22,AK22),(AG22+AI22+AK22),""),"") | AN22: =IF($AM22="","",ROUND($AM22*$AN$10,2)) | AO22: =IF(ISERROR(IF($AN22="","",ROUND(SUM($R22,$AE22,$AN22),2))),"",IF($AN22="","",ROUND(SUM($R22,$AE22,$AN22),2))) | AP22: =IF(ISERROR(IF($AO22="","",VLOOKUP(AO22,Table!$B$3:$E$44,4,TRUE))),"",IF($AO22="","",VLOOKUP(AO22,Table!$B$3:$E$44,4,TRUE))) | AQ22: =IF(ISERROR(IF($AP22="","",VLOOKUP(AP22,Table!$H$12:$J$16,3,TRUE))),"",IF($AP22="","",VLOOKUP(AP22,Table!$H$12:$J$16,3,TRUE))) | AR22: =IF(AP22="","",VLOOKUP(ROUND(AP22,0),Table!$H$3:$J$7,3,TRUE)) | AS22: 124628160014
A23: 12 | B23: ='INPUT DATA'!B23 -> 0 | P23: =IF(COUNT($F23:$O23)=0,"",SUM($F23:$O23)) | Q23: =IF(ISERROR(IF($P23="","",ROUND(($P23/$P$10)*$Q$10,2))),"",IF($P23="","",ROUND(($P23/$P$10)*$Q$10,2))) | R23: =IF($Q23="","",ROUND($Q23*$R$10,2)) | AC23: =IF(COUNT($S23:$AB23)=0,"",SUM($S23:$AB23)) | AD23: =IF(ISERROR(IF($AC23="","",ROUND(($AC23/$AC$10)*$AD$10,2))),"",IF($AC23="","",ROUND(($AC23/$AC$10)*$AD$10,2))) | AE23: =IF($AD23="","",ROUND($AD23*$AE$10,2)) | AG23: =IF(ISBLANK(AF23),"",(AF23/$AF$10)*$AG$10) | AI23: =IF(ISBLANK(AH23),"",(AH23/$AH$10)*$AI$10) | AK23: =IF(ISBLANK(AJ23),"",(AJ23/$AJ$10)*$AK$10) | AL23: =IF(COUNTA(AF23,AH23,AJ23),AF23+AH23+AJ23,"") | AM23: =IFERROR(IF(COUNTA(AG23,AI23,AK23),(AG23+AI23+AK23),""),"") | AN23: =IF($AM23="","",ROUND($AM23*$AN$10,2)) | AO23: =IF(ISERROR(IF($AN23="","",ROUND(SUM($R23,$AE23,$AN23),2))),"",IF($AN23="","",ROUND(SUM($R23,$AE23,$AN23),2))) | AP23: =IF(ISERROR(IF($AO23="","",VLOOKUP(AO23,Table!$B$3:$E$44,4,TRUE))),"",IF($AO23="","",VLOOKUP(AO23,Table!$B$3:$E$44,4,TRUE))) | AQ23: =IF(ISERROR(IF($AP23="","",VLOOKUP(AP23,Table!$H$12:$J$16,3,TRUE))),"",IF($AP23="","",VLOOKUP(AP23,Table!$H$12:$J$16,3,TRUE))) | AR23: =IF(AP23="","",VLOOKUP(ROUND(AP23,0),Table!$H$3:$J$7,3,TRUE)) | AS23: 124616170003
A24: 13 | B24: ='INPUT DATA'!B24 -> 0 | P24: =IF(COUNT($F24:$O24)=0,"",SUM($F24:$O24)) | Q24: =IF(ISERROR(IF($P24="","",ROUND(($P24/$P$10)*$Q$10,2))),"",IF($P24="","",ROUND(($P24/$P$10)*$Q$10,2))) | R24: =IF($Q24="","",ROUND($Q24*$R$10,2)) | AC24: =IF(COUNT($S24:$AB24)=0,"",SUM($S24:$AB24)) | AD24: =IF(ISERROR(IF($AC24="","",ROUND(($AC24/$AC$10)*$AD$10,2))),"",IF($AC24="","",ROUND(($AC24/$AC$10)*$AD$10,2))) | AE24: =IF($AD24="","",ROUND($AD24*$AE$10,2)) | AG24: =IF(ISBLANK(AF24),"",(AF24/$AF$10)*$AG$10) | AI24: =IF(ISBLANK(AH24),"",(AH24/$AH$10)*$AI$10) | AK24: =IF(ISBLANK(AJ24),"",(AJ24/$AJ$10)*$AK$10) | AL24: =IF(COUNTA(AF24,AH24,AJ24),AF24+AH24+AJ24,"") | AM24: =IFERROR(IF(COUNTA(AG24,AI24,AK24),(AG24+AI24+AK24),""),"") | AN24: =IF($AM24="","",ROUND($AM24*$AN$10,2)) | AO24: =IF(ISERROR(IF($AN24="","",ROUND(SUM($R24,$AE24,$AN24),2))),"",IF($AN24="","",ROUND(SUM($R24,$AE24,$AN24),2))) | AP24: =IF(ISERROR(IF($AO24="","",VLOOKUP(AO24,Table!$B$3:$E$44,4,TRUE))),"",IF($AO24="","",VLOOKUP(AO24,Table!$B$3:$E$44,4,TRUE))) | AQ24: =IF(ISERROR(IF($AP24="","",VLOOKUP(AP24,Table!$H$12:$J$16,3,TRUE))),"",IF($AP24="","",VLOOKUP(AP24,Table!$H$12:$J$16,3,TRUE))) | AR24: =IF(AP24="","",VLOOKUP(ROUND(AP24,0),Table!$H$3:$J$7,3,TRUE)) | AS24: 124628160037
A25: 14 | B25: ='INPUT DATA'!B25 -> 0 | P25: =IF(COUNT($F25:$O25)=0,"",SUM($F25:$O25)) | Q25: =IF(ISERROR(IF($P25="","",ROUND(($P25/$P$10)*$Q$10,2))),"",IF($P25="","",ROUND(($P25/$P$10)*$Q$10,2))) | R25: =IF($Q25="","",ROUND($Q25*$R$10,2)) | AC25: =IF(COUNT($S25:$AB25)=0,"",SUM($S25:$AB25)) | AD25: =IF(ISERROR(IF($AC25="","",ROUND(($AC25/$AC$10)*$AD$10,2))),"",IF($AC25="","",ROUND(($AC25/$AC$10)*$AD$10,2))) | AE25: =IF($AD25="","",ROUND($AD25*$AE$10,2)) | AG25: =IF(ISBLANK(AF25),"",(AF25/$AF$10)*$AG$10) | AI25: =IF(ISBLANK(AH25),"",(AH25/$AH$10)*$AI$10) | AK25: =IF(ISBLANK(AJ25),"",(AJ25/$AJ$10)*$AK$10) | AL25: =IF(COUNTA(AF25,AH25,AJ25),AF25+AH25+AJ25,"") | AM25: =IFERROR(IF(COUNTA(AG25,AI25,AK25),(AG25+AI25+AK25),""),"") | AN25: =IF($AM25="","",ROUND($AM25*$AN$10,2)) | AO25: =IF(ISERROR(IF($AN25="","",ROUND(SUM($R25,$AE25,$AN25),2))),"",IF($AN25="","",ROUND(SUM($R25,$AE25,$AN25),2))) | AP25: =IF(ISERROR(IF($AO25="","",VLOOKUP(AO25,Table!$B$3:$E$44,4,TRUE))),"",IF($AO25="","",VLOOKUP(AO25,Table!$B$3:$E$44,4,TRUE))) | AQ25: =IF(ISERROR(IF($AP25="","",VLOOKUP(AP25,Table!$H$12:$J$16,3,TRUE))),"",IF($AP25="","",VLOOKUP(AP25,Table!$H$12:$J$16,3,TRUE))) | AR25: =IF(AP25="","",VLOOKUP(ROUND(AP25,0),Table!$H$3:$J$7,3,TRUE)) | AS25: 124623170062
A26: 15 | B26: ='INPUT DATA'!B26 -> 0 | P26: =IF(COUNT($F26:$O26)=0,"",SUM($F26:$O26)) | Q26: =IF(ISERROR(IF($P26="","",ROUND(($P26/$P$10)*$Q$10,2))),"",IF($P26="","",ROUND(($P26/$P$10)*$Q$10,2))) | R26: =IF($Q26="","",ROUND($Q26*$R$10,2)) | AC26: =IF(COUNT($S26:$AB26)=0,"",SUM($S26:$AB26)) | AD26: =IF(ISERROR(IF($AC26="","",ROUND(($AC26/$AC$10)*$AD$10,2))),"",IF($AC26="","",ROUND(($AC26/$AC$10)*$AD$10,2))) | AE26: =IF($AD26="","",ROUND($AD26*$AE$10,2)) | AG26: =IF(ISBLANK(AF26),"",(AF26/$AF$10)*$AG$10) | AI26: =IF(ISBLANK(AH26),"",(AH26/$AH$10)*$AI$10) | AK26: =IF(ISBLANK(AJ26),"",(AJ26/$AJ$10)*$AK$10) | AL26: =IF(COUNTA(AF26,AH26,AJ26),AF26+AH26+AJ26,"") | AM26: =IFERROR(IF(COUNTA(AG26,AI26,AK26),(AG26+AI26+AK26),""),"") | AN26: =IF($AM26="","",ROUND($AM26*$AN$10,2)) | AO26: =IF(ISERROR(IF($AN26="","",ROUND(SUM($R26,$AE26,$AN26),2))),"",IF($AN26="","",ROUND(SUM($R26,$AE26,$AN26),2))) | AP26: =IF(ISERROR(IF($AO26="","",VLOOKUP(AO26,Table!$B$3:$E$44,4,TRUE))),"",IF($AO26="","",VLOOKUP(AO26,Table!$B$3:$E$44,4,TRUE))) | AQ26: =IF(ISERROR(IF($AP26="","",VLOOKUP(AP26,Table!$H$12:$J$16,3,TRUE))),"",IF($AP26="","",VLOOKUP(AP26,Table!$H$12:$J$16,3,TRUE))) | AR26: =IF(AP26="","",VLOOKUP(ROUND(AP26,0),Table!$H$3:$J$7,3,TRUE)) | AS26: 124616170007
A27: 16 | B27: ='INPUT DATA'!B27 -> 0 | P27: =IF(COUNT($F27:$O27)=0,"",SUM($F27:$O27)) | Q27: =IF(ISERROR(IF($P27="","",ROUND(($P27/$P$10)*$Q$10,2))),"",IF($P27="","",ROUND(($P27/$P$10)*$Q$10,2))) | R27: =IF($Q27="","",ROUND($Q27*$R$10,2)) | AC27: =IF(COUNT($S27:$AB27)=0,"",SUM($S27:$AB27)) | AD27: =IF(ISERROR(IF($AC27="","",ROUND(($AC27/$AC$10)*$AD$10,2))),"",IF($AC27="","",ROUND(($AC27/$AC$10)*$AD$10,2))) | AE27: =IF($AD27="","",ROUND($AD27*$AE$10,2)) | AG27: =IF(ISBLANK(AF27),"",(AF27/$AF$10)*$AG$10) | AI27: =IF(ISBLANK(AH27),"",(AH27/$AH$10)*$AI$10) | AK27: =IF(ISBLANK(AJ27),"",(AJ27/$AJ$10)*$AK$10) | AL27: =IF(COUNTA(AF27,AH27,AJ27),AF27+AH27+AJ27,"") | AM27: =IFERROR(IF(COUNTA(AG27,AI27,AK27),(AG27+AI27+AK27),""),"") | AN27: =IF($AM27="","",ROUND($AM27*$AN$10,2)) | AO27: =IF(ISERROR(IF($AN27="","",ROUND(SUM($R27,$AE27,$AN27),2))),"",IF($AN27="","",ROUND(SUM($R27,$AE27,$AN27),2))) | AP27: =IF(ISERROR(IF($AO27="","",VLOOKUP(AO27,Table!$B$3:$E$44,4,TRUE))),"",IF($AO27="","",VLOOKUP(AO27,Table!$B$3:$E$44,4,TRUE))) | AQ27: =IF(ISERROR(IF($AP27="","",VLOOKUP(AP27,Table!$H$12:$J$16,3,TRUE))),"",IF($AP27="","",VLOOKUP(AP27,Table!$H$12:$J$16,3,TRUE))) | AR27: =IF(AP27="","",VLOOKUP(ROUND(AP27,0),Table!$H$3:$J$7,3,TRUE)) | AS27: 124620160006
A28: 17 | B28: ='INPUT DATA'!B28 -> 0 | P28: =IF(COUNT($F28:$O28)=0,"",SUM($F28:$O28)) | Q28: =IF(ISERROR(IF($P28="","",ROUND(($P28/$P$10)*$Q$10,2))),"",IF($P28="","",ROUND(($P28/$P$10)*$Q$10,2))) | R28: =IF($Q28="","",ROUND($Q28*$R$10,2)) | AC28: =IF(COUNT($S28:$AB28)=0,"",SUM($S28:$AB28)) | AD28: =IF(ISERROR(IF($AC28="","",ROUND(($AC28/$AC$10)*$AD$10,2))),"",IF($AC28="","",ROUND(($AC28/$AC$10)*$AD$10,2))) | AE28: =IF($AD28="","",ROUND($AD28*$AE$10,2)) | AG28: =IF(ISBLANK(AF28),"",(AF28/$AF$10)*$AG$10) | AI28: =IF(ISBLANK(AH28),"",(AH28/$AH$10)*$AI$10) | AK28: =IF(ISBLANK(AJ28),"",(AJ28/$AJ$10)*$AK$10) | AL28: =IF(COUNTA(AF28,AH28,AJ28),AF28+AH28+AJ28,"") | AM28: =IFERROR(IF(COUNTA(AG28,AI28,AK28),(AG28+AI28+AK28),""),"") | AN28: =IF($AM28="","",ROUND($AM28*$AN$10,2)) | AO28: =IF(ISERROR(IF($AN28="","",ROUND(SUM($R28,$AE28,$AN28),2))),"",IF($AN28="","",ROUND(SUM($R28,$AE28,$AN28),2))) | AP28: =IF(ISERROR(IF($AO28="","",VLOOKUP(AO28,Table!$B$3:$E$44,4,TRUE))),"",IF($AO28="","",VLOOKUP(AO28,Table!$B$3:$E$44,4,TRUE))) | AQ28: =IF(ISERROR(IF($AP28="","",VLOOKUP(AP28,Table!$H$12:$J$16,3,TRUE))),"",IF($AP28="","",VLOOKUP(AP28,Table!$H$12:$J$16,3,TRUE))) | AR28: =IF(AP28="","",VLOOKUP(ROUND(AP28,0),Table!$H$3:$J$7,3,TRUE)) | AS28: 124622170008
A29: 18 | B29: ='INPUT DATA'!B29 -> 0 | P29: =IF(COUNT($F29:$O29)=0,"",SUM($F29:$O29)) | Q29: =IF(ISERROR(IF($P29="","",ROUND(($P29/$P$10)*$Q$10,2))),"",IF($P29="","",ROUND(($P29/$P$10)*$Q$10,2))) | R29: =IF($Q29="","",ROUND($Q29*$R$10,2)) | AC29: =IF(COUNT($S29:$AB29)=0,"",SUM($S29:$AB29)) | AD29: =IF(ISERROR(IF($AC29="","",ROUND(($AC29/$AC$10)*$AD$10,2))),"",IF($AC29="","",ROUND(($AC29/$AC$10)*$AD$10,2))) | AE29: =IF($AD29="","",ROUND($AD29*$AE$10,2)) | AG29: =IF(ISBLANK(AF29),"",(AF29/$AF$10)*$AG$10) | AI29: =IF(ISBLANK(AH29),"",(AH29/$AH$10)*$AI$10) | AK29: =IF(ISBLANK(AJ29),"",(AJ29/$AJ$10)*$AK$10) | AL29: =IF(COUNTA(AF29,AH29,AJ29),AF29+AH29+AJ29,"") | AM29: =IFERROR(IF(COUNTA(AG29,AI29,AK29),(AG29+AI29+AK29),""),"") | AN29: =IF($AM29="","",ROUND($AM29*$AN$10,2)) | AO29: =IF(ISERROR(IF($AN29="","",ROUND(SUM($R29,$AE29,$AN29),2))),"",IF($AN29="","",ROUND(SUM($R29,$AE29,$AN29),2))) | AP29: =IF(ISERROR(IF($AO29="","",VLOOKUP(AO29,Table!$B$3:$E$44,4,TRUE))),"",IF($AO29="","",VLOOKUP(AO29,Table!$B$3:$E$44,4,TRUE))) | AQ29: =IF(ISERROR(IF($AP29="","",VLOOKUP(AP29,Table!$H$12:$J$16,3,TRUE))),"",IF($AP29="","",VLOOKUP(AP29,Table!$H$12:$J$16,3,TRUE))) | AR29: =IF(AP29="","",VLOOKUP(ROUND(AP29,0),Table!$H$3:$J$7,3,TRUE)) | AS29: 124623170035
A30: 19 | B30: ='INPUT DATA'!B30 -> 0 | P30: =IF(COUNT($F30:$O30)=0,"",SUM($F30:$O30)) | Q30: =IF(ISERROR(IF($P30="","",ROUND(($P30/$P$10)*$Q$10,2))),"",IF($P30="","",ROUND(($P30/$P$10)*$Q$10,2))) | R30: =IF($Q30="","",ROUND($Q30*$R$10,2)) | AC30: =IF(COUNT($S30:$AB30)=0,"",SUM($S30:$AB30)) | AD30: =IF(ISERROR(IF($AC30="","",ROUND(($AC30/$AC$10)*$AD$10,2))),"",IF($AC30="","",ROUND(($AC30/$AC$10)*$AD$10,2))) | AE30: =IF($AD30="","",ROUND($AD30*$AE$10,2)) | AG30: =IF(ISBLANK(AF30),"",(AF30/$AF$10)*$AG$10) | AI30: =IF(ISBLANK(AH30),"",(AH30/$AH$10)*$AI$10) | AK30: =IF(ISBLANK(AJ30),"",(AJ30/$AJ$10)*$AK$10) | AL30: =IF(COUNTA(AF30,AH30,AJ30),AF30+AH30+AJ30,"") | AM30: =IFERROR(IF(COUNTA(AG30,AI30,AK30),(AG30+AI30+AK30),""),"") | AN30: =IF($AM30="","",ROUND($AM30*$AN$10,2)) | AO30: =IF(ISERROR(IF($AN30="","",ROUND(SUM($R30,$AE30,$AN30),2))),"",IF($AN30="","",ROUND(SUM($R30,$AE30,$AN30),2))) | AP30: =IF(ISERROR(IF($AO30="","",VLOOKUP(AO30,Table!$B$3:$E$44,4,TRUE))),"",IF($AO30="","",VLOOKUP(AO30,Table!$B$3:$E$44,4,TRUE))) | AQ30: =IF(ISERROR(IF($AP30="","",VLOOKUP(AP30,Table!$H$12:$J$16,3,TRUE))),"",IF($AP30="","",VLOOKUP(AP30,Table!$H$12:$J$16,3,TRUE))) | AR30: =IF(AP30="","",VLOOKUP(ROUND(AP30,0),Table!$H$3:$J$7,3,TRUE)) | AS30: 124620170005
A31: 20 | B31: ='INPUT DATA'!B31 -> 0 | P31: =IF(COUNT($F31:$O31)=0,"",SUM($F31:$O31)) | Q31: =IF(ISERROR(IF($P31="","",ROUND(($P31/$P$10)*$Q$10,2))),"",IF($P31="","",ROUND(($P31/$P$10)*$Q$10,2))) | R31: =IF($Q31="","",ROUND($Q31*$R$10,2)) | AC31: =IF(COUNT($S31:$AB31)=0,"",SUM($S31:$AB31)) | AD31: =IF(ISERROR(IF($AC31="","",ROUND(($AC31/$AC$10)*$AD$10,2))),"",IF($AC31="","",ROUND(($AC31/$AC$10)*$AD$10,2))) | AE31: =IF($AD31="","",ROUND($AD31*$AE$10,2)) | AG31: =IF(ISBLANK(AF31),"",(AF31/$AF$10)*$AG$10) | AI31: =IF(ISBLANK(AH31),"",(AH31/$AH$10)*$AI$10) | AK31: =IF(ISBLANK(AJ31),"",(AJ31/$AJ$10)*$AK$10) | AL31: =IF(COUNTA(AF31,AH31,AJ31),AF31+AH31+AJ31,"") | AM31: =IFERROR(IF(COUNTA(AG31,AI31,AK31),(AG31+AI31+AK31),""),"") | AN31: =IF($AM31="","",ROUND($AM31*$AN$10,2)) | AO31: =IF(ISERROR(IF($AN31="","",ROUND(SUM($R31,$AE31,$AN31),2))),"",IF($AN31="","",ROUND(SUM($R31,$AE31,$AN31),2))) | AP31: =IF(ISERROR(IF($AO31="","",VLOOKUP(AO31,Table!$B$3:$E$44,4,TRUE))),"",IF($AO31="","",VLOOKUP(AO31,Table!$B$3:$E$44,4,TRUE))) | AQ31: =IF(ISERROR(IF($AP31="","",VLOOKUP(AP31,Table!$H$12:$J$16,3,TRUE))),"",IF($AP31="","",VLOOKUP(AP31,Table!$H$12:$J$16,3,TRUE))) | AR31: =IF(AP31="","",VLOOKUP(ROUND(AP31,0),Table!$H$3:$J$7,3,TRUE)) | AS31: 124623170064
A32: 21 | B32: ='INPUT DATA'!B32 -> 0 | P32: =IF(COUNT($F32:$O32)=0,"",SUM($F32:$O32)) | Q32: =IF(ISERROR(IF($P32="","",ROUND(($P32/$P$10)*$Q$10,2))),"",IF($P32="","",ROUND(($P32/$P$10)*$Q$10,2))) | R32: =IF($Q32="","",ROUND($Q32*$R$10,2)) | AC32: =IF(COUNT($S32:$AB32)=0,"",SUM($S32:$AB32)) | AD32: =IF(ISERROR(IF($AC32="","",ROUND(($AC32/$AC$10)*$AD$10,2))),"",IF($AC32="","",ROUND(($AC32/$AC$10)*$AD$10,2))) | AE32: =IF($AD32="","",ROUND($AD32*$AE$10,2)) | AG32: =IF(ISBLANK(AF32),"",(AF32/$AF$10)*$AG$10) | AI32: =IF(ISBLANK(AH32),"",(AH32/$AH$10)*$AI$10) | AK32: =IF(ISBLANK(AJ32),"",(AJ32/$AJ$10)*$AK$10) | AL32: =IF(COUNTA(AF32,AH32,AJ32),AF32+AH32+AJ32,"") | AM32: =IFERROR(IF(COUNTA(AG32,AI32,AK32),(AG32+AI32+AK32),""),"") | AN32: =IF($AM32="","",ROUND($AM32*$AN$10,2)) | AO32: =IF(ISERROR(IF($AN32="","",ROUND(SUM($R32,$AE32,$AN32),2))),"",IF($AN32="","",ROUND(SUM($R32,$AE32,$AN32),2))) | AP32: =IF(ISERROR(IF($AO32="","",VLOOKUP(AO32,Table!$B$3:$E$44,4,TRUE))),"",IF($AO32="","",VLOOKUP(AO32,Table!$B$3:$E$44,4,TRUE))) | AQ32: =IF(ISERROR(IF($AP32="","",VLOOKUP(AP32,Table!$H$12:$J$16,3,TRUE))),"",IF($AP32="","",VLOOKUP(AP32,Table!$H$12:$J$16,3,TRUE))) | AR32: =IF(AP32="","",VLOOKUP(ROUND(AP32,0),Table!$H$3:$J$7,3,TRUE)) | AS32: 124623170169
A33: 22 | B33: ='INPUT DATA'!B33 -> 0 | P33: =IF(COUNT($F33:$O33)=0,"",SUM($F33:$O33)) | Q33: =IF(ISERROR(IF($P33="","",ROUND(($P33/$P$10)*$Q$10,2))),"",IF($P33="","",ROUND(($P33/$P$10)*$Q$10,2))) | R33: =IF($Q33="","",ROUND($Q33*$R$10,2)) | AC33: =IF(COUNT($S33:$AB33)=0,"",SUM($S33:$AB33)) | AD33: =IF(ISERROR(IF($AC33="","",ROUND(($AC33/$AC$10)*$AD$10,2))),"",IF($AC33="","",ROUND(($AC33/$AC$10)*$AD$10,2))) | AE33: =IF($AD33="","",ROUND($AD33*$AE$10,2)) | AG33: =IF(ISBLANK(AF33),"",(AF33/$AF$10)*$AG$10) | AI33: =IF(ISBLANK(AH33),"",(AH33/$AH$10)*$AI$10) | AK33: =IF(ISBLANK(AJ33),"",(AJ33/$AJ$10)*$AK$10) | AL33: =IF(COUNTA(AF33,AH33,AJ33),AF33+AH33+AJ33,"") | AM33: =IFERROR(IF(COUNTA(AG33,AI33,AK33),(AG33+AI33+AK33),""),"") | AN33: =IF($AM33="","",ROUND($AM33*$AN$10,2)) | AO33: =IF(ISERROR(IF($AN33="","",ROUND(SUM($R33,$AE33,$AN33),2))),"",IF($AN33="","",ROUND(SUM($R33,$AE33,$AN33),2))) | AP33: =IF(ISERROR(IF($AO33="","",VLOOKUP(AO33,Table!$B$3:$E$44,4,TRUE))),"",IF($AO33="","",VLOOKUP(AO33,Table!$B$3:$E$44,4,TRUE))) | AQ33: =IF(ISERROR(IF($AP33="","",VLOOKUP(AP33,Table!$H$12:$J$16,3,TRUE))),"",IF($AP33="","",VLOOKUP(AP33,Table!$H$12:$J$16,3,TRUE))) | AR33: =IF(AP33="","",VLOOKUP(ROUND(AP33,0),Table!$H$3:$J$7,3,TRUE)) | AS33: 124627170021
A34: 23 | B34: ='INPUT DATA'!B34 -> 0 | P34: =IF(COUNT($F34:$O34)=0,"",SUM($F34:$O34)) | Q34: =IF(ISERROR(IF($P34="","",ROUND(($P34/$P$10)*$Q$10,2))),"",IF($P34="","",ROUND(($P34/$P$10)*$Q$10,2))) | R34: =IF($Q34="","",ROUND($Q34*$R$10,2)) | AC34: =IF(COUNT($S34:$AB34)=0,"",SUM($S34:$AB34)) | AD34: =IF(ISERROR(IF($AC34="","",ROUND(($AC34/$AC$10)*$AD$10,2))),"",IF($AC34="","",ROUND(($AC34/$AC$10)*$AD$10,2))) | AE34: =IF($AD34="","",ROUND($AD34*$AE$10,2)) | AL34: =IF(COUNT(AF34:AJ34)=0,"",SUM(AF34:AJ34)) | AM34: =IF(ISERROR(IF($AL34="","",ROUND(($AL34/$AL$10)*$AM$10,2))),"",IF($AL34="","",ROUND(($AL34/$AL$10)*$AM$10,2))) | AN34: =IF($AM34="","",ROUND($AM34*$AN$10,2)) | AO34: =IF(ISERROR(IF($AN34="","",ROUND(SUM($R34,$AE34,$AN34),2))),"",IF($AN34="","",ROUND(SUM($R34,$AE34,$AN34),2))) | AP34: =IF(ISERROR(IF($AO34="","",VLOOKUP(AO34,Table!$B$3:$E$44,4,TRUE))),"",IF($AO34="","",VLOOKUP(AO34,Table!$B$3:$E$44,4,TRUE))) | AQ34: =IF(ISERROR(IF($AP34="","",VLOOKUP(AP34,Table!$H$12:$J$16,3,TRUE))),"",IF($AP34="","",VLOOKUP(AP34,Table!$H$12:$J$16,3,TRUE))) | AR34: =IF(AP34="","",VLOOKUP(ROUND(AP34,0),Table!$H$3:$J$7,3,TRUE))
A35: 24 | B35: ='INPUT DATA'!B35 -> 0 | P35: =IF(COUNT($F35:$O35)=0,"",SUM($F35:$O35)) | Q35: =IF(ISERROR(IF($P35="","",ROUND(($P35/$P$10)*$Q$10,2))),"",IF($P35="","",ROUND(($P35/$P$10)*$Q$10,2))) | R35: =IF($Q35="","",ROUND($Q35*$R$10,2)) | AC35: =IF(COUNT($S35:$AB35)=0,"",SUM($S35:$AB35)) | AD35: =IF(ISERROR(IF($AC35="","",ROUND(($AC35/$AC$10)*$AD$10,2))),"",IF($AC35="","",ROUND(($AC35/$AC$10)*$AD$10,2))) | AE35: =IF($AD35="","",ROUND($AD35*$AE$10,2)) | AL35: =IF(COUNT(AF35:AJ35)=0,"",SUM(AF35:AJ35)) | AM35: =IF(ISERROR(IF($AL35="","",ROUND(($AL35/$AL$10)*$AM$10,2))),"",IF($AL35="","",ROUND(($AL35/$AL$10)*$AM$10,2))) | AN35: =IF($AM35="","",ROUND($AM35*$AN$10,2)) | AO35: =IF(ISERROR(IF($AN35="","",ROUND(SUM($R35,$AE35,$AN35),2))),"",IF($AN35="","",ROUND(SUM($R35,$AE35,$AN35),2))) | AP35: =IF(ISERROR(IF($AO35="","",VLOOKUP(AO35,Table!$B$3:$E$44,4,TRUE))),"",IF($AO35="","",VLOOKUP(AO35,Table!$B$3:$E$44,4,TRUE))) | AQ35: =IF(ISERROR(IF($AP35="","",VLOOKUP(AP35,Table!$H$12:$J$16,3,TRUE))),"",IF($AP35="","",VLOOKUP(AP35,Table!$H$12:$J$16,3,TRUE))) | AR35: =IF(AP35="","",VLOOKUP(ROUND(AP35,0),Table!$H$3:$J$7,3,TRUE))
A36: 25 | B36: ='INPUT DATA'!B36 -> 0 | P36: =IF(COUNT($F36:$O36)=0,"",SUM($F36:$O36)) | Q36: =IF(ISERROR(IF($P36="","",ROUND(($P36/$P$10)*$Q$10,2))),"",IF($P36="","",ROUND(($P36/$P$10)*$Q$10,2))) | R36: =IF($Q36="","",ROUND($Q36*$R$10,2)) | AC36: =IF(COUNT($S36:$AB36)=0,"",SUM($S36:$AB36)) | AD36: =IF(ISERROR(IF($AC36="","",ROUND(($AC36/$AC$10)*$AD$10,2))),"",IF($AC36="","",ROUND(($AC36/$AC$10)*$AD$10,2))) | AE36: =IF($AD36="","",ROUND($AD36*$AE$10,2)) | AL36: =IF(COUNT(AF36:AJ36)=0,"",SUM(AF36:AJ36)) | AM36: =IF(ISERROR(IF($AL36="","",ROUND(($AL36/$AL$10)*$AM$10,2))),"",IF($AL36="","",ROUND(($AL36/$AL$10)*$AM$10,2))) | AN36: =IF($AM36="","",ROUND($AM36*$AN$10,2)) | AO36: =IF(ISERROR(IF($AN36="","",ROUND(SUM($R36,$AE36,$AN36),2))),"",IF($AN36="","",ROUND(SUM($R36,$AE36,$AN36),2))) | AP36: =IF(ISERROR(IF($AO36="","",VLOOKUP(AO36,Table!$B$3:$E$44,4,TRUE))),"",IF($AO36="","",VLOOKUP(AO36,Table!$B$3:$E$44,4,TRUE))) | AQ36: =IF(ISERROR(IF($AP36="","",VLOOKUP(AP36,Table!$H$12:$J$16,3,TRUE))),"",IF($AP36="","",VLOOKUP(AP36,Table!$H$12:$J$16,3,TRUE))) | AR36: =IF(AP36="","",VLOOKUP(ROUND(AP36,0),Table!$H$3:$J$7,3,TRUE))
A37: 26 | B37: ='INPUT DATA'!B37 -> 0 | P37: =IF(COUNT($F37:$O37)=0,"",SUM($F37:$O37)) | Q37: =IF(ISERROR(IF($P37="","",ROUND(($P37/$P$10)*$Q$10,2))),"",IF($P37="","",ROUND(($P37/$P$10)*$Q$10,2))) | R37: =IF($Q37="","",ROUND($Q37*$R$10,2)) | AC37: =IF(COUNT($S37:$AB37)=0,"",SUM($S37:$AB37)) | AD37: =IF(ISERROR(IF($AC37="","",ROUND(($AC37/$AC$10)*$AD$10,2))),"",IF($AC37="","",ROUND(($AC37/$AC$10)*$AD$10,2))) | AE37: =IF($AD37="","",ROUND($AD37*$AE$10,2)) | AL37: =IF(COUNT(AF37:AJ37)=0,"",SUM(AF37:AJ37)) | AM37: =IF(ISERROR(IF($AL37="","",ROUND(($AL37/$AL$10)*$AM$10,2))),"",IF($AL37="","",ROUND(($AL37/$AL$10)*$AM$10,2))) | AN37: =IF($AM37="","",ROUND($AM37*$AN$10,2)) | AO37: =IF(ISERROR(IF($AN37="","",ROUND(SUM($R37,$AE37,$AN37),2))),"",IF($AN37="","",ROUND(SUM($R37,$AE37,$AN37),2))) | AP37: =IF(ISERROR(IF($AO37="","",VLOOKUP(AO37,Table!$B$3:$E$44,4,TRUE))),"",IF($AO37="","",VLOOKUP(AO37,Table!$B$3:$E$44,4,TRUE))) | AQ37: =IF(ISERROR(IF($AP37="","",VLOOKUP(AP37,Table!$H$12:$J$16,3,TRUE))),"",IF($AP37="","",VLOOKUP(AP37,Table!$H$12:$J$16,3,TRUE))) | AR37: =IF(AP37="","",VLOOKUP(ROUND(AP37,0),Table!$H$3:$J$7,3,TRUE))
A38: 27 | B38: ='INPUT DATA'!B38 -> 0 | P38: =IF(COUNT($F38:$O38)=0,"",SUM($F38:$O38)) | Q38: =IF(ISERROR(IF($P38="","",ROUND(($P38/$P$10)*$Q$10,2))),"",IF($P38="","",ROUND(($P38/$P$10)*$Q$10,2))) | R38: =IF($Q38="","",ROUND($Q38*$R$10,2)) | AC38: =IF(COUNT($S38:$AB38)=0,"",SUM($S38:$AB38)) | AD38: =IF(ISERROR(IF($AC38="","",ROUND(($AC38/$AC$10)*$AD$10,2))),"",IF($AC38="","",ROUND(($AC38/$AC$10)*$AD$10,2))) | AE38: =IF($AD38="","",ROUND($AD38*$AE$10,2)) | AL38: =IF(COUNT(AF38:AJ38)=0,"",SUM(AF38:AJ38)) | AM38: =IF(ISERROR(IF($AL38="","",ROUND(($AL38/$AL$10)*$AM$10,2))),"",IF($AL38="","",ROUND(($AL38/$AL$10)*$AM$10,2))) | AN38: =IF($AM38="","",ROUND($AM38*$AN$10,2)) | AO38: =IF(ISERROR(IF($AN38="","",ROUND(SUM($R38,$AE38,$AN38),2))),"",IF($AN38="","",ROUND(SUM($R38,$AE38,$AN38),2))) | AP38: =IF(ISERROR(IF($AO38="","",VLOOKUP(AO38,Table!$B$3:$E$44,4,TRUE))),"",IF($AO38="","",VLOOKUP(AO38,Table!$B$3:$E$44,4,TRUE))) | AQ38: =IF(ISERROR(IF($AP38="","",VLOOKUP(AP38,Table!$H$12:$J$16,3,TRUE))),"",IF($AP38="","",VLOOKUP(AP38,Table!$H$12:$J$16,3,TRUE))) | AR38: =IF(AP38="","",VLOOKUP(ROUND(AP38,0),Table!$H$3:$J$7,3,TRUE))
A39: 28 | B39: ='INPUT DATA'!B39 -> 0 | P39: =IF(COUNT($F39:$O39)=0,"",SUM($F39:$O39)) | Q39: =IF(ISERROR(IF($P39="","",ROUND(($P39/$P$10)*$Q$10,2))),"",IF($P39="","",ROUND(($P39/$P$10)*$Q$10,2))) | R39: =IF($Q39="","",ROUND($Q39*$R$10,2)) | AC39: =IF(COUNT($S39:$AB39)=0,"",SUM($S39:$AB39)) | AD39: =IF(ISERROR(IF($AC39="","",ROUND(($AC39/$AC$10)*$AD$10,2))),"",IF($AC39="","",ROUND(($AC39/$AC$10)*$AD$10,2))) | AE39: =IF($AD39="","",ROUND($AD39*$AE$10,2)) | AL39: =IF(COUNT(AF39:AJ39)=0,"",SUM(AF39:AJ39)) | AM39: =IF(ISERROR(IF($AL39="","",ROUND(($AL39/$AL$10)*$AM$10,2))),"",IF($AL39="","",ROUND(($AL39/$AL$10)*$AM$10,2))) | AN39: =IF($AM39="","",ROUND($AM39*$AN$10,2)) | AO39: =IF(ISERROR(IF($AN39="","",ROUND(SUM($R39,$AE39,$AN39),2))),"",IF($AN39="","",ROUND(SUM($R39,$AE39,$AN39),2))) | AP39: =IF(ISERROR(IF($AO39="","",VLOOKUP(AO39,Table!$B$3:$E$44,4,TRUE))),"",IF($AO39="","",VLOOKUP(AO39,Table!$B$3:$E$44,4,TRUE))) | AQ39: =IF(ISERROR(IF($AP39="","",VLOOKUP(AP39,Table!$H$12:$J$16,3,TRUE))),"",IF($AP39="","",VLOOKUP(AP39,Table!$H$12:$J$16,3,TRUE))) | AR39: =IF(AP39="","",VLOOKUP(ROUND(AP39,0),Table!$H$3:$J$7,3,TRUE))
A40: 29 | B40: ='INPUT DATA'!B40 -> 0 | P40: =IF(COUNT($F40:$O40)=0,"",SUM($F40:$O40)) | Q40: =IF(ISERROR(IF($P40="","",ROUND(($P40/$P$10)*$Q$10,2))),"",IF($P40="","",ROUND(($P40/$P$10)*$Q$10,2))) | R40: =IF($Q40="","",ROUND($Q40*$R$10,2)) | AC40: =IF(COUNT($S40:$AB40)=0,"",SUM($S40:$AB40)) | AD40: =IF(ISERROR(IF($AC40="","",ROUND(($AC40/$AC$10)*$AD$10,2))),"",IF($AC40="","",ROUND(($AC40/$AC$10)*$AD$10,2))) | AE40: =IF($AD40="","",ROUND($AD40*$AE$10,2)) | AL40: =IF(COUNT(AF40:AJ40)=0,"",SUM(AF40:AJ40)) | AM40: =IF(ISERROR(IF($AL40="","",ROUND(($AL40/$AL$10)*$AM$10,2))),"",IF($AL40="","",ROUND(($AL40/$AL$10)*$AM$10,2))) | AN40: =IF($AM40="","",ROUND($AM40*$AN$10,2)) | AO40: =IF(ISERROR(IF($AN40="","",ROUND(SUM($R40,$AE40,$AN40),2))),"",IF($AN40="","",ROUND(SUM($R40,$AE40,$AN40),2))) | AP40: =IF(ISERROR(IF($AO40="","",VLOOKUP(AO40,Table!$B$3:$E$44,4,TRUE))),"",IF($AO40="","",VLOOKUP(AO40,Table!$B$3:$E$44,4,TRUE))) | AQ40: =IF(ISERROR(IF($AP40="","",VLOOKUP(AP40,Table!$H$12:$J$16,3,TRUE))),"",IF($AP40="","",VLOOKUP(AP40,Table!$H$12:$J$16,3,TRUE))) | AR40: =IF(AP40="","",VLOOKUP(ROUND(AP40,0),Table!$H$3:$J$7,3,TRUE))
A41: 30 | B41: ='INPUT DATA'!B41 -> 0 | P41: =IF(COUNT($F41:$O41)=0,"",SUM($F41:$O41)) | Q41: =IF(ISERROR(IF($P41="","",ROUND(($P41/$P$10)*$Q$10,2))),"",IF($P41="","",ROUND(($P41/$P$10)*$Q$10,2))) | R41: =IF($Q41="","",ROUND($Q41*$R$10,2)) | AC41: =IF(COUNT($S41:$AB41)=0,"",SUM($S41:$AB41)) | AD41: =IF(ISERROR(IF($AC41="","",ROUND(($AC41/$AC$10)*$AD$10,2))),"",IF($AC41="","",ROUND(($AC41/$AC$10)*$AD$10,2))) | AE41: =IF($AD41="","",ROUND($AD41*$AE$10,2)) | AL41: =IF(COUNT(AF41:AJ41)=0,"",SUM(AF41:AJ41)) | AM41: =IF(ISERROR(IF($AL41="","",ROUND(($AL41/$AL$10)*$AM$10,2))),"",IF($AL41="","",ROUND(($AL41/$AL$10)*$AM$10,2))) | AN41: =IF($AM41="","",ROUND($AM41*$AN$10,2)) | AO41: =IF(ISERROR(IF($AN41="","",ROUND(SUM($R41,$AE41,$AN41),2))),"",IF($AN41="","",ROUND(SUM($R41,$AE41,$AN41),2))) | AP41: =IF(ISERROR(IF($AO41="","",VLOOKUP(AO41,Table!$B$3:$E$44,4,TRUE))),"",IF($AO41="","",VLOOKUP(AO41,Table!$B$3:$E$44,4,TRUE))) | AQ41: =IF(ISERROR(IF($AP41="","",VLOOKUP(AP41,Table!$H$12:$J$16,3,TRUE))),"",IF($AP41="","",VLOOKUP(AP41,Table!$H$12:$J$16,3,TRUE))) | AR41: =IF(AP41="","",VLOOKUP(ROUND(AP41,0),Table!$H$3:$J$7,3,TRUE))
A42: 31 | B42: ='INPUT DATA'!B42 -> 0 | P42: =IF(COUNT($F42:$O42)=0,"",SUM($F42:$O42)) | Q42: =IF(ISERROR(IF($P42="","",ROUND(($P42/$P$10)*$Q$10,2))),"",IF($P42="","",ROUND(($P42/$P$10)*$Q$10,2))) | R42: =IF($Q42="","",ROUND($Q42*$R$10,2)) | AC42: =IF(COUNT($S42:$AB42)=0,"",SUM($S42:$AB42)) | AD42: =IF(ISERROR(IF($AC42="","",ROUND(($AC42/$AC$10)*$AD$10,2))),"",IF($AC42="","",ROUND(($AC42/$AC$10)*$AD$10,2))) | AE42: =IF($AD42="","",ROUND($AD42*$AE$10,2)) | AL42: =IF(COUNT(AF42:AJ42)=0,"",SUM(AF42:AJ42)) | AM42: =IF(ISERROR(IF($AL42="","",ROUND(($AL42/$AL$10)*$AM$10,2))),"",IF($AL42="","",ROUND(($AL42/$AL$10)*$AM$10,2))) | AN42: =IF($AM42="","",ROUND($AM42*$AN$10,2)) | AO42: =IF(ISERROR(IF($AN42="","",ROUND(SUM($R42,$AE42,$AN42),2))),"",IF($AN42="","",ROUND(SUM($R42,$AE42,$AN42),2))) | AP42: =IF(ISERROR(IF($AO42="","",VLOOKUP(AO42,Table!$B$3:$E$44,4,TRUE))),"",IF($AO42="","",VLOOKUP(AO42,Table!$B$3:$E$44,4,TRUE))) | AQ42: =IF(ISERROR(IF($AP42="","",VLOOKUP(AP42,Table!$H$12:$J$16,3,TRUE))),"",IF($AP42="","",VLOOKUP(AP42,Table!$H$12:$J$16,3,TRUE))) | AR42: =IF(AP42="","",VLOOKUP(ROUND(AP42,0),Table!$H$3:$J$7,3,TRUE))
A43: 32 | B43: ='INPUT DATA'!B43 -> 0 | P43: =IF(COUNT($F43:$O43)=0,"",SUM($F43:$O43)) | Q43: =IF(ISERROR(IF($P43="","",ROUND(($P43/$P$10)*$Q$10,2))),"",IF($P43="","",ROUND(($P43/$P$10)*$Q$10,2))) | R43: =IF($Q43="","",ROUND($Q43*$R$10,2)) | AC43: =IF(COUNT($S43:$AB43)=0,"",SUM($S43:$AB43)) | AD43: =IF(ISERROR(IF($AC43="","",ROUND(($AC43/$AC$10)*$AD$10,2))),"",IF($AC43="","",ROUND(($AC43/$AC$10)*$AD$10,2))) | AE43: =IF($AD43="","",ROUND($AD43*$AE$10,2)) | AL43: =IF(COUNT(AF43:AJ43)=0,"",SUM(AF43:AJ43)) | AM43: =IF(ISERROR(IF($AL43="","",ROUND(($AL43/$AL$10)*$AM$10,2))),"",IF($AL43="","",ROUND(($AL43/$AL$10)*$AM$10,2))) | AN43: =IF($AM43="","",ROUND($AM43*$AN$10,2)) | AO43: =IF(ISERROR(IF($AN43="","",ROUND(SUM($R43,$AE43,$AN43),2))),"",IF($AN43="","",ROUND(SUM($R43,$AE43,$AN43),2))) | AP43: =IF(ISERROR(IF($AO43="","",VLOOKUP(AO43,Table!$B$3:$E$44,4,TRUE))),"",IF($AO43="","",VLOOKUP(AO43,Table!$B$3:$E$44,4,TRUE))) | AQ43: =IF(ISERROR(IF($AP43="","",VLOOKUP(AP43,Table!$H$12:$J$16,3,TRUE))),"",IF($AP43="","",VLOOKUP(AP43,Table!$H$12:$J$16,3,TRUE))) | AR43: =IF(AP43="","",VLOOKUP(ROUND(AP43,0),Table!$H$3:$J$7,3,TRUE))
A44: 33 | B44: ='INPUT DATA'!B44 -> 0 | P44: =IF(COUNT($F44:$O44)=0,"",SUM($F44:$O44)) | Q44: =IF(ISERROR(IF($P44="","",ROUND(($P44/$P$10)*$Q$10,2))),"",IF($P44="","",ROUND(($P44/$P$10)*$Q$10,2))) | R44: =IF($Q44="","",ROUND($Q44*$R$10,2)) | AC44: =IF(COUNT($S44:$AB44)=0,"",SUM($S44:$AB44)) | AD44: =IF(ISERROR(IF($AC44="","",ROUND(($AC44/$AC$10)*$AD$10,2))),"",IF($AC44="","",ROUND(($AC44/$AC$10)*$AD$10,2))) | AE44: =IF($AD44="","",ROUND($AD44*$AE$10,2)) | AL44: =IF(COUNT(AF44:AJ44)=0,"",SUM(AF44:AJ44)) | AM44: =IF(ISERROR(IF($AL44="","",ROUND(($AL44/$AL$10)*$AM$10,2))),"",IF($AL44="","",ROUND(($AL44/$AL$10)*$AM$10,2))) | AN44: =IF($AM44="","",ROUND($AM44*$AN$10,2)) | AO44: =IF(ISERROR(IF($AN44="","",ROUND(SUM($R44,$AE44,$AN44),2))),"",IF($AN44="","",ROUND(SUM($R44,$AE44,$AN44),2))) | AP44: =IF(ISERROR(IF($AO44="","",VLOOKUP(AO44,Table!$B$3:$E$44,4,TRUE))),"",IF($AO44="","",VLOOKUP(AO44,Table!$B$3:$E$44,4,TRUE))) | AQ44: =IF(ISERROR(IF($AP44="","",VLOOKUP(AP44,Table!$H$12:$J$16,3,TRUE))),"",IF($AP44="","",VLOOKUP(AP44,Table!$H$12:$J$16,3,TRUE))) | AR44: =IF(AP44="","",VLOOKUP(ROUND(AP44,0),Table!$H$3:$J$7,3,TRUE))
A45: 34 | B45: ='INPUT DATA'!B45 -> 0 | P45: =IF(COUNT($F45:$O45)=0,"",SUM($F45:$O45)) | Q45: =IF(ISERROR(IF($P45="","",ROUND(($P45/$P$10)*$Q$10,2))),"",IF($P45="","",ROUND(($P45/$P$10)*$Q$10,2))) | R45: =IF($Q45="","",ROUND($Q45*$R$10,2)) | AC45: =IF(COUNT($S45:$AB45)=0,"",SUM($S45:$AB45)) | AD45: =IF(ISERROR(IF($AC45="","",ROUND(($AC45/$AC$10)*$AD$10,2))),"",IF($AC45="","",ROUND(($AC45/$AC$10)*$AD$10,2))) | AE45: =IF($AD45="","",ROUND($AD45*$AE$10,2)) | AL45: =IF(COUNT(AF45:AJ45)=0,"",SUM(AF45:AJ45)) | AM45: =IF(ISERROR(IF($AL45="","",ROUND(($AL45/$AL$10)*$AM$10,2))),"",IF($AL45="","",ROUND(($AL45/$AL$10)*$AM$10,2))) | AN45: =IF($AM45="","",ROUND($AM45*$AN$10,2)) | AO45: =IF(ISERROR(IF($AN45="","",ROUND(SUM($R45,$AE45,$AN45),2))),"",IF($AN45="","",ROUND(SUM($R45,$AE45,$AN45),2))) | AP45: =IF(ISERROR(IF($AO45="","",VLOOKUP(AO45,Table!$B$3:$E$44,4,TRUE))),"",IF($AO45="","",VLOOKUP(AO45,Table!$B$3:$E$44,4,TRUE))) | AQ45: =IF(ISERROR(IF($AP45="","",VLOOKUP(AP45,Table!$H$12:$J$16,3,TRUE))),"",IF($AP45="","",VLOOKUP(AP45,Table!$H$12:$J$16,3,TRUE))) | AR45: =IF(AP45="","",VLOOKUP(ROUND(AP45,0),Table!$H$3:$J$7,3,TRUE))
... A51: 40 | B51: ='INPUT DATA'!B51 -> 0 | P51: =IF(COUNT($F51:$O51)=0,"",SUM($F51:$O51)) | Q51: =IF(ISERROR(IF($P51="","",ROUND(($P51/$P$10)*$Q$10,2))),"",IF($P51="","",ROUND(($P51/$P$10)*$Q$10,2))) | R51: =IF($Q51="","",ROUND($Q51*$R$10,2)) | AC51: =IF(COUNT($S51:$AB51)=0,"",SUM($S51:$AB51)) | AD51: =IF(ISERROR(IF($AC51="","",ROUND(($AC51/$AC$10)*$AD$10,2))),"",IF($AC51="","",ROUND(($AC51/$AC$10)*$AD$10,2))) | AE51: =IF($AD51="","",ROUND($AD51*$AE$10,2)) | AL51: =IF(COUNT(AF51:AJ51)=0,"",SUM(AF51:AJ51)) | AM51: =IF(ISERROR(IF($AL51="","",ROUND(($AL51/$AL$10)*$AM$10,2))),"",IF($AL51="","",ROUND(($AL51/$AL$10)*$AM$10,2))) | AN51: =IF($AM51="","",ROUND($AM51*$AN$10,2)) | AO51: =IF(ISERROR(IF($AN51="","",ROUND(SUM($R51,$AE51,$AN51),2))),"",IF($AN51="","",ROUND(SUM($R51,$AE51,$AN51),2))) | AP51: =IF(ISERROR(IF($AO51="","",VLOOKUP(AO51,Table!$B$3:$E$44,4,TRUE))),"",IF($AO51="","",VLOOKUP(AO51,Table!$B$3:$E$44,4,TRUE))) | AQ51: =IF(ISERROR(IF($AP51="","",VLOOKUP(AP51,Table!$H$12:$J$16,3,TRUE))),"",IF($AP51="","",VLOOKUP(AP51,Table!$H$12:$J$16,3,TRUE))) | AR51: =IF(AP51="","",VLOOKUP(ROUND(AP51,0),Table!$H$3:$J$7,3,TRUE))
A52: 41 | B52: ='INPUT DATA'!B52 -> 0 | AL52: =IF(COUNT(AF52:AJ52)=0,"",SUM(AF52:AJ52)) | AM52: =IF(ISERROR(IF($AL52="","",ROUND(($AL52/$AL$10)*$AM$10,2))),"",IF($AL52="","",ROUND(($AL52/$AL$10)*$AM$10,2))) | AO52: =IF(ISERROR(IF($AN52="","",ROUND(SUM($R52,$AE52,$AN52),2))),"",IF($AN52="","",ROUND(SUM($R52,$AE52,$AN52),2))) | AP52: =IF(ISERROR(IF($AO52="","",VLOOKUP(AO52,Table!$B$3:$E$44,4,TRUE))),"",IF($AO52="","",VLOOKUP(AO52,Table!$B$3:$E$44,4,TRUE))) | AQ52: =IF(ISERROR(IF($AP52="","",VLOOKUP(AP52,Table!$H$12:$J$16,3,TRUE))),"",IF($AP52="","",VLOOKUP(AP52,Table!$H$12:$J$16,3,TRUE)))
A53: 42 | B53: ='INPUT DATA'!B53 -> 0 | AL53: =IF(COUNT(AF53:AJ53)=0,"",SUM(AF53:AJ53)) | AM53: =IF(ISERROR(IF($AL53="","",ROUND(($AL53/$AL$10)*$AM$10,2))),"",IF($AL53="","",ROUND(($AL53/$AL$10)*$AM$10,2))) | AO53: =IF(ISERROR(IF($AN53="","",ROUND(SUM($R53,$AE53,$AN53),2))),"",IF($AN53="","",ROUND(SUM($R53,$AE53,$AN53),2))) | AP53: =IF(ISERROR(IF($AO53="","",VLOOKUP(AO53,Table!$B$3:$E$44,4,TRUE))),"",IF($AO53="","",VLOOKUP(AO53,Table!$B$3:$E$44,4,TRUE))) | AQ53: =IF(ISERROR(IF($AP53="","",VLOOKUP(AP53,Table!$H$12:$J$16,3,TRUE))),"",IF($AP53="","",VLOOKUP(AP53,Table!$H$12:$J$16,3,TRUE)))
A54: 43 | B54: ='INPUT DATA'!B54 -> 0 | AL54: =IF(COUNT(AF54:AJ54)=0,"",SUM(AF54:AJ54)) | AM54: =IF(ISERROR(IF($AL54="","",ROUND(($AL54/$AL$10)*$AM$10,2))),"",IF($AL54="","",ROUND(($AL54/$AL$10)*$AM$10,2))) | AO54: =IF(ISERROR(IF($AN54="","",ROUND(SUM($R54,$AE54,$AN54),2))),"",IF($AN54="","",ROUND(SUM($R54,$AE54,$AN54),2))) | AP54: =IF(ISERROR(IF($AO54="","",VLOOKUP(AO54,Table!$B$3:$E$44,4,TRUE))),"",IF($AO54="","",VLOOKUP(AO54,Table!$B$3:$E$44,4,TRUE))) | AQ54: =IF(ISERROR(IF($AP54="","",VLOOKUP(AP54,Table!$H$12:$J$16,3,TRUE))),"",IF($AP54="","",VLOOKUP(AP54,Table!$H$12:$J$16,3,TRUE)))
A55: 44 | B55: ='INPUT DATA'!B55 -> 0 | AL55: =IF(COUNT(AF55:AJ55)=0,"",SUM(AF55:AJ55)) | AM55: =IF(ISERROR(IF($AL55="","",ROUND(($AL55/$AL$10)*$AM$10,2))),"",IF($AL55="","",ROUND(($AL55/$AL$10)*$AM$10,2))) | AO55: =IF(ISERROR(IF($AN55="","",ROUND(SUM($R55,$AE55,$AN55),2))),"",IF($AN55="","",ROUND(SUM($R55,$AE55,$AN55),2))) | AP55: =IF(ISERROR(IF($AO55="","",VLOOKUP(AO55,Table!$B$3:$E$44,4,TRUE))),"",IF($AO55="","",VLOOKUP(AO55,Table!$B$3:$E$44,4,TRUE))) | AQ55: =IF(ISERROR(IF($AP55="","",VLOOKUP(AP55,Table!$H$12:$J$16,3,TRUE))),"",IF($AP55="","",VLOOKUP(AP55,Table!$H$12:$J$16,3,TRUE)))
A56: 45 | B56: ='INPUT DATA'!B56 -> 0 | AL56: =IF(COUNT(AF56:AJ56)=0,"",SUM(AF56:AJ56)) | AM56: =IF(ISERROR(IF($AL56="","",ROUND(($AL56/$AL$10)*$AM$10,2))),"",IF($AL56="","",ROUND(($AL56/$AL$10)*$AM$10,2))) | AO56: =IF(ISERROR(IF($AN56="","",ROUND(SUM($R56,$AE56,$AN56),2))),"",IF($AN56="","",ROUND(SUM($R56,$AE56,$AN56),2))) | AP56: =IF(ISERROR(IF($AO56="","",VLOOKUP(AO56,Table!$B$3:$E$44,4,TRUE))),"",IF($AO56="","",VLOOKUP(AO56,Table!$B$3:$E$44,4,TRUE))) | AQ56: =IF(ISERROR(IF($AP56="","",VLOOKUP(AP56,Table!$H$12:$J$16,3,TRUE))),"",IF($AP56="","",VLOOKUP(AP56,Table!$H$12:$J$16,3,TRUE)))
A57: 46 | B57: ='INPUT DATA'!B57 -> 0 | AL57: =IF(COUNT(AF57:AJ57)=0,"",SUM(AF57:AJ57)) | AM57: =IF(ISERROR(IF($AL57="","",ROUND(($AL57/$AL$10)*$AM$10,2))),"",IF($AL57="","",ROUND(($AL57/$AL$10)*$AM$10,2))) | AO57: =IF(ISERROR(IF($AN57="","",ROUND(SUM($R57,$AE57,$AN57),2))),"",IF($AN57="","",ROUND(SUM($R57,$AE57,$AN57),2))) | AP57: =IF(ISERROR(IF($AO57="","",VLOOKUP(AO57,Table!$B$3:$E$44,4,TRUE))),"",IF($AO57="","",VLOOKUP(AO57,Table!$B$3:$E$44,4,TRUE))) | AQ57: =IF(ISERROR(IF($AP57="","",VLOOKUP(AP57,Table!$H$12:$J$16,3,TRUE))),"",IF($AP57="","",VLOOKUP(AP57,Table!$H$12:$J$16,3,TRUE)))
A58: 47 | B58: ='INPUT DATA'!B58 -> 0 | AL58: =IF(COUNT(AF58:AJ58)=0,"",SUM(AF58:AJ58)) | AM58: =IF(ISERROR(IF($AL58="","",ROUND(($AL58/$AL$10)*$AM$10,2))),"",IF($AL58="","",ROUND(($AL58/$AL$10)*$AM$10,2))) | AO58: =IF(ISERROR(IF($AN58="","",ROUND(SUM($R58,$AE58,$AN58),2))),"",IF($AN58="","",ROUND(SUM($R58,$AE58,$AN58),2))) | AP58: =IF(ISERROR(IF($AO58="","",VLOOKUP(AO58,Table!$B$3:$E$44,4,TRUE))),"",IF($AO58="","",VLOOKUP(AO58,Table!$B$3:$E$44,4,TRUE))) | AQ58: =IF(ISERROR(IF($AP58="","",VLOOKUP(AP58,Table!$H$12:$J$16,3,TRUE))),"",IF($AP58="","",VLOOKUP(AP58,Table!$H$12:$J$16,3,TRUE)))
A59: 48 | B59: ='INPUT DATA'!B59 -> 0 | AL59: =IF(COUNT(AF59:AJ59)=0,"",SUM(AF59:AJ59)) | AM59: =IF(ISERROR(IF($AL59="","",ROUND(($AL59/$AL$10)*$AM$10,2))),"",IF($AL59="","",ROUND(($AL59/$AL$10)*$AM$10,2))) | AO59: =IF(ISERROR(IF($AN59="","",ROUND(SUM($R59,$AE59,$AN59),2))),"",IF($AN59="","",ROUND(SUM($R59,$AE59,$AN59),2))) | AP59: =IF(ISERROR(IF($AO59="","",VLOOKUP(AO59,Table!$B$3:$E$44,4,TRUE))),"",IF($AO59="","",VLOOKUP(AO59,Table!$B$3:$E$44,4,TRUE))) | AQ59: =IF(ISERROR(IF($AP59="","",VLOOKUP(AP59,Table!$H$12:$J$16,3,TRUE))),"",IF($AP59="","",VLOOKUP(AP59,Table!$H$12:$J$16,3,TRUE)))
A60: 49 | B60: ='INPUT DATA'!B60 -> 0 | AL60: =IF(COUNT(AF60:AJ60)=0,"",SUM(AF60:AJ60)) | AM60: =IF(ISERROR(IF($AL60="","",ROUND(($AL60/$AL$10)*$AM$10,2))),"",IF($AL60="","",ROUND(($AL60/$AL$10)*$AM$10,2))) | AO60: =IF(ISERROR(IF($AN60="","",ROUND(SUM($R60,$AE60,$AN60),2))),"",IF($AN60="","",ROUND(SUM($R60,$AE60,$AN60),2))) | AP60: =IF(ISERROR(IF($AO60="","",VLOOKUP(AO60,Table!$B$3:$E$44,4,TRUE))),"",IF($AO60="","",VLOOKUP(AO60,Table!$B$3:$E$44,4,TRUE))) | AQ60: =IF(ISERROR(IF($AP60="","",VLOOKUP(AP60,Table!$H$12:$J$16,3,TRUE))),"",IF($AP60="","",VLOOKUP(AP60,Table!$H$12:$J$16,3,TRUE)))
A61: 50 | B61: ='INPUT DATA'!B61 -> 0 | AL61: =IF(COUNT(AF61:AJ61)=0,"",SUM(AF61:AJ61)) | AM61: =IF(ISERROR(IF($AL61="","",ROUND(($AL61/$AL$10)*$AM$10,2))),"",IF($AL61="","",ROUND(($AL61/$AL$10)*$AM$10,2))) | AO61: =IF(ISERROR(IF($AN61="","",ROUND(SUM($R61,$AE61,$AN61),2))),"",IF($AN61="","",ROUND(SUM($R61,$AE61,$AN61),2))) | AP61: =IF(ISERROR(IF($AO61="","",VLOOKUP(AO61,Table!$B$3:$E$44,4,TRUE))),"",IF($AO61="","",VLOOKUP(AO61,Table!$B$3:$E$44,4,TRUE))) | AQ61: =IF(ISERROR(IF($AP61="","",VLOOKUP(AP61,Table!$H$12:$J$16,3,TRUE))),"",IF($AP61="","",VLOOKUP(AP61,Table!$H$12:$J$16,3,TRUE)))
A62: 51 | B62: ='INPUT DATA'!B62 -> 0 | P62: =IF(COUNT($F62:$O62)=0,"",SUM($F62:$O62)) | Q62: =IF(ISERROR(IF($P62="","",ROUND(($P62/$P$10)*$Q$10,2))),"",IF($P62="","",ROUND(($P62/$P$10)*$Q$10,2))) | R62: =IF($Q62="","",ROUND($Q62*$R$10,2)) | AC62: =IF(COUNT($S62:$AB62)=0,"",SUM($S62:$AB62)) | AD62: =IF(ISERROR(IF($AC62="","",ROUND(($AC62/$AC$10)*$AD$10,2))),"",IF($AC62="","",ROUND(($AC62/$AC$10)*$AD$10,2))) | AE62: =IF($AD62="","",ROUND($AD62*$AE$10,2)) | AL62: =IF(COUNT(AF62:AJ62)=0,"",SUM(AF62:AJ62)) | AM62: =IF(ISERROR(IF($AL62="","",ROUND(($AL62/$AL$10)*$AM$10,2))),"",IF($AL62="","",ROUND(($AL62/$AL$10)*$AM$10,2))) | AN62: =IF($AM62="","",ROUND($AM62*$AN$10,2)) | AO62: =IF(ISERROR(IF($AN62="","",ROUND(SUM($R62,$AE62,$AN62),2))),"",IF($AN62="","",ROUND(SUM($R62,$AE62,$AN62),2))) | AP62: =IF(ISERROR(IF($AO62="","",VLOOKUP(AO62,Table!$B$3:$E$44,4,TRUE))),"",IF($AO62="","",VLOOKUP(AO62,Table!$B$3:$E$44,4,TRUE))) | AQ62: =IF(ISERROR(IF($AP62="","",VLOOKUP(AP62,Table!$H$12:$J$16,3,TRUE))),"",IF($AP62="","",VLOOKUP(AP62,Table!$H$12:$J$16,3,TRUE))) | AR62: =IF(AP62="","",VLOOKUP(ROUND(AP62,0),Table!$H$3:$J$7,3,TRUE))
A63: 52 | B63: ='INPUT DATA'!B63 -> 0 | P63: =IF(COUNT($F63:$O63)=0,"",SUM($F63:$O63)) | Q63: =IF(ISERROR(IF($P63="","",ROUND(($P63/$P$10)*$Q$10,2))),"",IF($P63="","",ROUND(($P63/$P$10)*$Q$10,2))) | R63: =IF($Q63="","",ROUND($Q63*$R$10,2)) | AC63: =IF(COUNT($S63:$AB63)=0,"",SUM($S63:$AB63)) | AD63: =IF(ISERROR(IF($AC63="","",ROUND(($AC63/$AC$10)*$AD$10,2))),"",IF($AC63="","",ROUND(($AC63/$AC$10)*$AD$10,2))) | AE63: =IF($AD63="","",ROUND($AD63*$AE$10,2)) | AL63: =IF(COUNT(AF63:AJ63)=0,"",SUM(AF63:AJ63)) | AM63: =IF(ISERROR(IF($AL63="","",ROUND(($AL63/$AL$10)*$AM$10,2))),"",IF($AL63="","",ROUND(($AL63/$AL$10)*$AM$10,2))) | AN63: =IF($AM63="","",ROUND($AM63*$AN$10,2)) | AO63: =IF(ISERROR(IF($AN63="","",ROUND(SUM($R63,$AE63,$AN63),2))),"",IF($AN63="","",ROUND(SUM($R63,$AE63,$AN63),2))) | AP63: =IF(ISERROR(IF($AO63="","",VLOOKUP(AO63,Table!$B$3:$E$44,4,TRUE))),"",IF($AO63="","",VLOOKUP(AO63,Table!$B$3:$E$44,4,TRUE))) | AQ63: =IF(ISERROR(IF($AP63="","",VLOOKUP(AP63,Table!$H$12:$J$16,3,TRUE))),"",IF($AP63="","",VLOOKUP(AP63,Table!$H$12:$J$16,3,TRUE))) | AR63: =IF(AP63="","",VLOOKUP(ROUND(AP63,0),Table!$H$3:$J$7,3,TRUE))
A64: 53 | B64: ='INPUT DATA'!B64 -> 0 | P64: =IF(COUNT($F64:$O64)=0,"",SUM($F64:$O64)) | Q64: =IF(ISERROR(IF($P64="","",ROUND(($P64/$P$10)*$Q$10,2))),"",IF($P64="","",ROUND(($P64/$P$10)*$Q$10,2))) | R64: =IF($Q64="","",ROUND($Q64*$R$10,2)) | AC64: =IF(COUNT($S64:$AB64)=0,"",SUM($S64:$AB64)) | AD64: =IF(ISERROR(IF($AC64="","",ROUND(($AC64/$AC$10)*$AD$10,2))),"",IF($AC64="","",ROUND(($AC64/$AC$10)*$AD$10,2))) | AE64: =IF($AD64="","",ROUND($AD64*$AE$10,2)) | AL64: =IF(COUNT(AF64:AJ64)=0,"",SUM(AF64:AJ64)) | AM64: =IF(ISERROR(IF($AL64="","",ROUND(($AL64/$AL$10)*$AM$10,2))),"",IF($AL64="","",ROUND(($AL64/$AL$10)*$AM$10,2))) | AN64: =IF($AM64="","",ROUND($AM64*$AN$10,2)) | AO64: =IF(ISERROR(IF($AN64="","",ROUND(SUM($R64,$AE64,$AN64),2))),"",IF($AN64="","",ROUND(SUM($R64,$AE64,$AN64),2))) | AP64: =IF(ISERROR(IF($AO64="","",VLOOKUP(AO64,Table!$B$3:$E$44,4,TRUE))),"",IF($AO64="","",VLOOKUP(AO64,Table!$B$3:$E$44,4,TRUE))) | AQ64: =IF(ISERROR(IF($AP64="","",VLOOKUP(AP64,Table!$H$12:$J$16,3,TRUE))),"",IF($AP64="","",VLOOKUP(AP64,Table!$H$12:$J$16,3,TRUE))) | AR64: =IF(AP64="","",VLOOKUP(ROUND(AP64,0),Table!$H$3:$J$7,3,TRUE))
A65: 54 | B65: ='INPUT DATA'!B65 -> 0 | P65: =IF(COUNT($F65:$O65)=0,"",SUM($F65:$O65)) | Q65: =IF(ISERROR(IF($P65="","",ROUND(($P65/$P$10)*$Q$10,2))),"",IF($P65="","",ROUND(($P65/$P$10)*$Q$10,2))) | R65: =IF($Q65="","",ROUND($Q65*$R$10,2)) | AC65: =IF(COUNT($S65:$AB65)=0,"",SUM($S65:$AB65)) | AD65: =IF(ISERROR(IF($AC65="","",ROUND(($AC65/$AC$10)*$AD$10,2))),"",IF($AC65="","",ROUND(($AC65/$AC$10)*$AD$10,2))) | AE65: =IF($AD65="","",ROUND($AD65*$AE$10,2)) | AL65: =IF(COUNT(AF65:AJ65)=0,"",SUM(AF65:AJ65)) | AM65: =IF(ISERROR(IF($AL65="","",ROUND(($AL65/$AL$10)*$AM$10,2))),"",IF($AL65="","",ROUND(($AL65/$AL$10)*$AM$10,2))) | AN65: =IF($AM65="","",ROUND($AM65*$AN$10,2)) | AO65: =IF(ISERROR(IF($AN65="","",ROUND(SUM($R65,$AE65,$AN65),2))),"",IF($AN65="","",ROUND(SUM($R65,$AE65,$AN65),2))) | AP65: =IF(ISERROR(IF($AO65="","",VLOOKUP(AO65,Table!$B$3:$E$44,4,TRUE))),"",IF($AO65="","",VLOOKUP(AO65,Table!$B$3:$E$44,4,TRUE))) | AQ65: =IF(ISERROR(IF($AP65="","",VLOOKUP(AP65,Table!$H$12:$J$16,3,TRUE))),"",IF($AP65="","",VLOOKUP(AP65,Table!$H$12:$J$16,3,TRUE))) | AR65: =IF(AP65="","",VLOOKUP(ROUND(AP65,0),Table!$H$3:$J$7,3,TRUE))
A66: 55 | B66: ='INPUT DATA'!B66 -> 0 | P66: =IF(COUNT($F66:$O66)=0,"",SUM($F66:$O66)) | Q66: =IF(ISERROR(IF($P66="","",ROUND(($P66/$P$10)*$Q$10,2))),"",IF($P66="","",ROUND(($P66/$P$10)*$Q$10,2))) | R66: =IF($Q66="","",ROUND($Q66*$R$10,2)) | AC66: =IF(COUNT($S66:$AB66)=0,"",SUM($S66:$AB66)) | AD66: =IF(ISERROR(IF($AC66="","",ROUND(($AC66/$AC$10)*$AD$10,2))),"",IF($AC66="","",ROUND(($AC66/$AC$10)*$AD$10,2))) | AE66: =IF($AD66="","",ROUND($AD66*$AE$10,2)) | AL66: =IF(COUNT(AF66:AJ66)=0,"",SUM(AF66:AJ66)) | AM66: =IF(ISERROR(IF($AL66="","",ROUND(($AL66/$AL$10)*$AM$10,2))),"",IF($AL66="","",ROUND(($AL66/$AL$10)*$AM$10,2))) | AN66: =IF($AM66="","",ROUND($AM66*$AN$10,2)) | AO66: =IF(ISERROR(IF($AN66="","",ROUND(SUM($R66,$AE66,$AN66),2))),"",IF($AN66="","",ROUND(SUM($R66,$AE66,$AN66),2))) | AP66: =IF(ISERROR(IF($AO66="","",VLOOKUP(AO66,Table!$B$3:$E$44,4,TRUE))),"",IF($AO66="","",VLOOKUP(AO66,Table!$B$3:$E$44,4,TRUE))) | AQ66: =IF(ISERROR(IF($AP66="","",VLOOKUP(AP66,Table!$H$12:$J$16,3,TRUE))),"",IF($AP66="","",VLOOKUP(AP66,Table!$H$12:$J$16,3,TRUE))) | AR66: =IF(AP66="","",VLOOKUP(ROUND(AP66,0),Table!$H$3:$J$7,3,TRUE))
A67: 56 | B67: ='INPUT DATA'!B67 -> 0 | P67: =IF(COUNT($F67:$O67)=0,"",SUM($F67:$O67)) | Q67: =IF(ISERROR(IF($P67="","",ROUND(($P67/$P$10)*$Q$10,2))),"",IF($P67="","",ROUND(($P67/$P$10)*$Q$10,2))) | R67: =IF($Q67="","",ROUND($Q67*$R$10,2)) | AC67: =IF(COUNT($S67:$AB67)=0,"",SUM($S67:$AB67)) | AD67: =IF(ISERROR(IF($AC67="","",ROUND(($AC67/$AC$10)*$AD$10,2))),"",IF($AC67="","",ROUND(($AC67/$AC$10)*$AD$10,2))) | AE67: =IF($AD67="","",ROUND($AD67*$AE$10,2)) | AL67: =IF(COUNT(AF67:AJ67)=0,"",SUM(AF67:AJ67)) | AM67: =IF(ISERROR(IF($AL67="","",ROUND(($AL67/$AL$10)*$AM$10,2))),"",IF($AL67="","",ROUND(($AL67/$AL$10)*$AM$10,2))) | AN67: =IF($AM67="","",ROUND($AM67*$AN$10,2)) | AO67: =IF(ISERROR(IF($AN67="","",ROUND(SUM($R67,$AE67,$AN67),2))),"",IF($AN67="","",ROUND(SUM($R67,$AE67,$AN67),2))) | AP67: =IF(ISERROR(IF($AO67="","",VLOOKUP(AO67,Table!$B$3:$E$44,4,TRUE))),"",IF($AO67="","",VLOOKUP(AO67,Table!$B$3:$E$44,4,TRUE))) | AQ67: =IF(ISERROR(IF($AP67="","",VLOOKUP(AP67,Table!$H$12:$J$16,3,TRUE))),"",IF($AP67="","",VLOOKUP(AP67,Table!$H$12:$J$16,3,TRUE))) | AR67: =IF(AP67="","",VLOOKUP(ROUND(AP67,0),Table!$H$3:$J$7,3,TRUE))
A68: 57 | B68: ='INPUT DATA'!B68 -> 0 | P68: =IF(COUNT($F68:$O68)=0,"",SUM($F68:$O68)) | Q68: =IF(ISERROR(IF($P68="","",ROUND(($P68/$P$10)*$Q$10,2))),"",IF($P68="","",ROUND(($P68/$P$10)*$Q$10,2))) | R68: =IF($Q68="","",ROUND($Q68*$R$10,2)) | AC68: =IF(COUNT($S68:$AB68)=0,"",SUM($S68:$AB68)) | AD68: =IF(ISERROR(IF($AC68="","",ROUND(($AC68/$AC$10)*$AD$10,2))),"",IF($AC68="","",ROUND(($AC68/$AC$10)*$AD$10,2))) | AE68: =IF($AD68="","",ROUND($AD68*$AE$10,2)) | AL68: =IF(COUNT(AF68:AJ68)=0,"",SUM(AF68:AJ68)) | AM68: =IF(ISERROR(IF($AL68="","",ROUND(($AL68/$AL$10)*$AM$10,2))),"",IF($AL68="","",ROUND(($AL68/$AL$10)*$AM$10,2))) | AN68: =IF($AM68="","",ROUND($AM68*$AN$10,2)) | AO68: =IF(ISERROR(IF($AN68="","",ROUND(SUM($R68,$AE68,$AN68),2))),"",IF($AN68="","",ROUND(SUM($R68,$AE68,$AN68),2))) | AP68: =IF(ISERROR(IF($AO68="","",VLOOKUP(AO68,Table!$B$3:$E$44,4,TRUE))),"",IF($AO68="","",VLOOKUP(AO68,Table!$B$3:$E$44,4,TRUE))) | AQ68: =IF(ISERROR(IF($AP68="","",VLOOKUP(AP68,Table!$H$12:$J$16,3,TRUE))),"",IF($AP68="","",VLOOKUP(AP68,Table!$H$12:$J$16,3,TRUE))) | AR68: =IF(AP68="","",VLOOKUP(ROUND(AP68,0),Table!$H$3:$J$7,3,TRUE))
A69: 58 | B69: ='INPUT DATA'!B69 -> 0 | P69: =IF(COUNT($F69:$O69)=0,"",SUM($F69:$O69)) | Q69: =IF(ISERROR(IF($P69="","",ROUND(($P69/$P$10)*$Q$10,2))),"",IF($P69="","",ROUND(($P69/$P$10)*$Q$10,2))) | R69: =IF($Q69="","",ROUND($Q69*$R$10,2)) | AC69: =IF(COUNT($S69:$AB69)=0,"",SUM($S69:$AB69)) | AD69: =IF(ISERROR(IF($AC69="","",ROUND(($AC69/$AC$10)*$AD$10,2))),"",IF($AC69="","",ROUND(($AC69/$AC$10)*$AD$10,2))) | AE69: =IF($AD69="","",ROUND($AD69*$AE$10,2)) | AL69: =IF(COUNT(AF69:AJ69)=0,"",SUM(AF69:AJ69)) | AM69: =IF(ISERROR(IF($AL69="","",ROUND(($AL69/$AL$10)*$AM$10,2))),"",IF($AL69="","",ROUND(($AL69/$AL$10)*$AM$10,2))) | AN69: =IF($AM69="","",ROUND($AM69*$AN$10,2)) | AO69: =IF(ISERROR(IF($AN69="","",ROUND(SUM($R69,$AE69,$AN69),2))),"",IF($AN69="","",ROUND(SUM($R69,$AE69,$AN69),2))) | AP69: =IF(ISERROR(IF($AO69="","",VLOOKUP(AO69,Table!$B$3:$E$44,4,TRUE))),"",IF($AO69="","",VLOOKUP(AO69,Table!$B$3:$E$44,4,TRUE))) | AQ69: =IF(ISERROR(IF($AP69="","",VLOOKUP(AP69,Table!$H$12:$J$16,3,TRUE))),"",IF($AP69="","",VLOOKUP(AP69,Table!$H$12:$J$16,3,TRUE))) | AR69: =IF(AP69="","",VLOOKUP(ROUND(AP69,0),Table!$H$3:$J$7,3,TRUE))
A70: 59 | B70: ='INPUT DATA'!B70 -> 0 | P70: =IF(COUNT($F70:$O70)=0,"",SUM($F70:$O70)) | Q70: =IF(ISERROR(IF($P70="","",ROUND(($P70/$P$10)*$Q$10,2))),"",IF($P70="","",ROUND(($P70/$P$10)*$Q$10,2))) | R70: =IF($Q70="","",ROUND($Q70*$R$10,2)) | AC70: =IF(COUNT($S70:$AB70)=0,"",SUM($S70:$AB70)) | AD70: =IF(ISERROR(IF($AC70="","",ROUND(($AC70/$AC$10)*$AD$10,2))),"",IF($AC70="","",ROUND(($AC70/$AC$10)*$AD$10,2))) | AE70: =IF($AD70="","",ROUND($AD70*$AE$10,2)) | AL70: =IF(COUNT(AF70:AJ70)=0,"",SUM(AF70:AJ70)) | AM70: =IF(ISERROR(IF($AL70="","",ROUND(($AL70/$AL$10)*$AM$10,2))),"",IF($AL70="","",ROUND(($AL70/$AL$10)*$AM$10,2))) | AN70: =IF($AM70="","",ROUND($AM70*$AN$10,2)) | AO70: =IF(ISERROR(IF($AN70="","",ROUND(SUM($R70,$AE70,$AN70),2))),"",IF($AN70="","",ROUND(SUM($R70,$AE70,$AN70),2))) | AP70: =IF(ISERROR(IF($AO70="","",VLOOKUP(AO70,Table!$B$3:$E$44,4,TRUE))),"",IF($AO70="","",VLOOKUP(AO70,Table!$B$3:$E$44,4,TRUE))) | AQ70: =IF(ISERROR(IF($AP70="","",VLOOKUP(AP70,Table!$H$12:$J$16,3,TRUE))),"",IF($AP70="","",VLOOKUP(AP70,Table!$H$12:$J$16,3,TRUE))) | AR70: =IF(AP70="","",VLOOKUP(ROUND(AP70,0),Table!$H$3:$J$7,3,TRUE))
A71: 60 | B71: ='INPUT DATA'!B71 -> 0 | P71: =IF(COUNT($F71:$O71)=0,"",SUM($F71:$O71)) | Q71: =IF(ISERROR(IF($P71="","",ROUND(($P71/$P$10)*$Q$10,2))),"",IF($P71="","",ROUND(($P71/$P$10)*$Q$10,2))) | R71: =IF($Q71="","",ROUND($Q71*$R$10,2)) | AC71: =IF(COUNT($S71:$AB71)=0,"",SUM($S71:$AB71)) | AD71: =IF(ISERROR(IF($AC71="","",ROUND(($AC71/$AC$10)*$AD$10,2))),"",IF($AC71="","",ROUND(($AC71/$AC$10)*$AD$10,2))) | AE71: =IF($AD71="","",ROUND($AD71*$AE$10,2)) | AL71: =IF(COUNT(AF71:AJ71)=0,"",SUM(AF71:AJ71)) | AM71: =IF(ISERROR(IF($AL71="","",ROUND(($AL71/$AL$10)*$AM$10,2))),"",IF($AL71="","",ROUND(($AL71/$AL$10)*$AM$10,2))) | AN71: =IF($AM71="","",ROUND($AM71*$AN$10,2)) | AO71: =IF(ISERROR(IF($AN71="","",ROUND(SUM($R71,$AE71,$AN71),2))),"",IF($AN71="","",ROUND(SUM($R71,$AE71,$AN71),2))) | AP71: =IF(ISERROR(IF($AO71="","",VLOOKUP(AO71,Table!$B$3:$E$44,4,TRUE))),"",IF($AO71="","",VLOOKUP(AO71,Table!$B$3:$E$44,4,TRUE))) | AQ71: =IF(ISERROR(IF($AP71="","",VLOOKUP(AP71,Table!$H$12:$J$16,3,TRUE))),"",IF($AP71="","",VLOOKUP(AP71,Table!$H$12:$J$16,3,TRUE))) | AR71: =IF(AP71="","",VLOOKUP(ROUND(AP71,0),Table!$H$3:$J$7,3,TRUE))
B72: FEMALE | AR72: =IF(AP72="","",VLOOKUP(ROUND(AP72,0),Table!$H$3:$J$7,3,TRUE))
A73: 1 | B73: ='INPUT DATA'!B73 -> 0 | P73: =IF(COUNT($F73:$O73)=0,"",SUM($F73:$O73)) | Q73: =IF(ISERROR(IF($P73="","",ROUND(($P73/$P$10)*$Q$10,2))),"",IF($P73="","",ROUND(($P73/$P$10)*$Q$10,2))) | R73: =IF($Q73="","",ROUND($Q73*$R$10,2)) | AC73: =IF(COUNT($S73:$AB73)=0,"",SUM($S73:$AB73)) | AD73: =IF(ISERROR(IF($AC73="","",ROUND(($AC73/$AC$10)*$AD$10,2))),"",IF($AC73="","",ROUND(($AC73/$AC$10)*$AD$10,2))) | AE73: =IF($AD73="","",ROUND($AD73*$AE$10,2)) | AG73: =IF(ISBLANK(AF73),"",(AF73/$AF$10)*$AG$10) | AI73: =IF(ISBLANK(AH73),"",(AH73/$AH$10)*$AI$10) | AK73: =IF(ISBLANK(AJ73),"",(AJ73/$AJ$10)*$AK$10) | AL73: =IF(COUNTA(AF73,AH73,AJ73),AF73+AH73+AJ73,"") | AM73: =IFERROR(IF(COUNTA(AG73,AI73,AK73),(AG73+AI73+AK73),""),"") | AN73: =IF($AM73="","",ROUND($AM73*$AN$10,2)) | AO73: =IF(ISERROR(IF($AN73="","",ROUND(SUM($R73,$AE73,$AN73),2))),"",IF($AN73="","",ROUND(SUM($R73,$AE73,$AN73),2))) | AP73: =IF(ISERROR(IF($AO73="","",VLOOKUP(AO73,Table!$B$3:$E$44,4,TRUE))),"",IF($AO73="","",VLOOKUP(AO73,Table!$B$3:$E$44,4,TRUE))) | AQ73: =IF(ISERROR(IF($AP73="","",VLOOKUP(AP73,Table!$H$12:$J$16,3,TRUE))),"",IF($AP73="","",VLOOKUP(AP73,Table!$H$12:$J$16,3,TRUE))) | AR73: =IF(AP73="","",VLOOKUP(ROUND(AP73,0),Table!$H$3:$J$7,3,TRUE)) | AS73: 124634170052
A74: 2 | B74: ='INPUT DATA'!B74 -> 0 | P74: =IF(COUNT($F74:$O74)=0,"",SUM($F74:$O74)) | Q74: =IF(ISERROR(IF($P74="","",ROUND(($P74/$P$10)*$Q$10,2))),"",IF($P74="","",ROUND(($P74/$P$10)*$Q$10,2))) | R74: =IF($Q74="","",ROUND($Q74*$R$10,2)) | AC74: =IF(COUNT($S74:$AB74)=0,"",SUM($S74:$AB74)) | AD74: =IF(ISERROR(IF($AC74="","",ROUND(($AC74/$AC$10)*$AD$10,2))),"",IF($AC74="","",ROUND(($AC74/$AC$10)*$AD$10,2))) | AE74: =IF($AD74="","",ROUND($AD74*$AE$10,2)) | AG74: =IF(ISBLANK(AF74),"",(AF74/$AF$10)*$AG$10) | AI74: =IF(ISBLANK(AH74),"",(AH74/$AH$10)*$AI$10) | AK74: =IF(ISBLANK(AJ74),"",(AJ74/$AJ$10)*$AK$10) | AL74: =IF(COUNTA(AF74,AH74,AJ74),AF74+AH74+AJ74,"") | AM74: =IFERROR(IF(COUNTA(AG74,AI74,AK74),(AG74+AI74+AK74),""),"") | AN74: =IF($AM74="","",ROUND($AM74*$AN$10,2)) | AO74: =IF(ISERROR(IF($AN74="","",ROUND(SUM($R74,$AE74,$AN74),2))),"",IF($AN74="","",ROUND(SUM($R74,$AE74,$AN74),2))) | AP74: =IF(ISERROR(IF($AO74="","",VLOOKUP(AO74,Table!$B$3:$E$44,4,TRUE))),"",IF($AO74="","",VLOOKUP(AO74,Table!$B$3:$E$44,4,TRUE))) | AQ74: =IF(ISERROR(IF($AP74="","",VLOOKUP(AP74,Table!$H$12:$J$16,3,TRUE))),"",IF($AP74="","",VLOOKUP(AP74,Table!$H$12:$J$16,3,TRUE))) | AR74: =IF(AP74="","",VLOOKUP(ROUND(AP74,0),Table!$H$3:$J$7,3,TRUE)) | AS74: 124616170011
A75: 3 | B75: ='INPUT DATA'!B75 -> 0 | P75: =IF(COUNT($F75:$O75)=0,"",SUM($F75:$O75)) | Q75: =IF(ISERROR(IF($P75="","",ROUND(($P75/$P$10)*$Q$10,2))),"",IF($P75="","",ROUND(($P75/$P$10)*$Q$10,2))) | R75: =IF($Q75="","",ROUND($Q75*$R$10,2)) | AC75: =IF(COUNT($S75:$AB75)=0,"",SUM($S75:$AB75)) | AD75: =IF(ISERROR(IF($AC75="","",ROUND(($AC75/$AC$10)*$AD$10,2))),"",IF($AC75="","",ROUND(($AC75/$AC$10)*$AD$10,2))) | AE75: =IF($AD75="","",ROUND($AD75*$AE$10,2)) | AG75: =IF(ISBLANK(AF75),"",(AF75/$AF$10)*$AG$10) | AI75: =IF(ISBLANK(AH75),"",(AH75/$AH$10)*$AI$10) | AK75: =IF(ISBLANK(AJ75),"",(AJ75/$AJ$10)*$AK$10) | AL75: =IF(COUNTA(AF75,AH75,AJ75),AF75+AH75+AJ75,"") | AM75: =IFERROR(IF(COUNTA(AG75,AI75,AK75),(AG75+AI75+AK75),""),"") | AN75: =IF($AM75="","",ROUND($AM75*$AN$10,2)) | AO75: =IF(ISERROR(IF($AN75="","",ROUND(SUM($R75,$AE75,$AN75),2))),"",IF($AN75="","",ROUND(SUM($R75,$AE75,$AN75),2))) | AP75: =IF(ISERROR(IF($AO75="","",VLOOKUP(AO75,Table!$B$3:$E$44,4,TRUE))),"",IF($AO75="","",VLOOKUP(AO75,Table!$B$3:$E$44,4,TRUE))) | AQ75: =IF(ISERROR(IF($AP75="","",VLOOKUP(AP75,Table!$H$12:$J$16,3,TRUE))),"",IF($AP75="","",VLOOKUP(AP75,Table!$H$12:$J$16,3,TRUE))) | AR75: =IF(AP75="","",VLOOKUP(ROUND(AP75,0),Table!$H$3:$J$7,3,TRUE)) | AS75: 124623160066
A76: 4 | B76: ='INPUT DATA'!B76 -> 0 | P76: =IF(COUNT($F76:$O76)=0,"",SUM($F76:$O76)) | Q76: =IF(ISERROR(IF($P76="","",ROUND(($P76/$P$10)*$Q$10,2))),"",IF($P76="","",ROUND(($P76/$P$10)*$Q$10,2))) | R76: =IF($Q76="","",ROUND($Q76*$R$10,2)) | AC76: =IF(COUNT($S76:$AB76)=0,"",SUM($S76:$AB76)) | AD76: =IF(ISERROR(IF($AC76="","",ROUND(($AC76/$AC$10)*$AD$10,2))),"",IF($AC76="","",ROUND(($AC76/$AC$10)*$AD$10,2))) | AE76: =IF($AD76="","",ROUND($AD76*$AE$10,2)) | AG76: =IF(ISBLANK(AF76),"",(AF76/$AF$10)*$AG$10) | AI76: =IF(ISBLANK(AH76),"",(AH76/$AH$10)*$AI$10) | AK76: =IF(ISBLANK(AJ76),"",(AJ76/$AJ$10)*$AK$10) | AL76: =IF(COUNTA(AF76,AH76,AJ76),AF76+AH76+AJ76,"") | AM76: =IFERROR(IF(COUNTA(AG76,AI76,AK76),(AG76+AI76+AK76),""),"") | AN76: =IF($AM76="","",ROUND($AM76*$AN$10,2)) | AO76: =IF(ISERROR(IF($AN76="","",ROUND(SUM($R76,$AE76,$AN76),2))),"",IF($AN76="","",ROUND(SUM($R76,$AE76,$AN76),2))) | AP76: =IF(ISERROR(IF($AO76="","",VLOOKUP(AO76,Table!$B$3:$E$44,4,TRUE))),"",IF($AO76="","",VLOOKUP(AO76,Table!$B$3:$E$44,4,TRUE))) | AQ76: =IF(ISERROR(IF($AP76="","",VLOOKUP(AP76,Table!$H$12:$J$16,3,TRUE))),"",IF($AP76="","",VLOOKUP(AP76,Table!$H$12:$J$16,3,TRUE))) | AR76: =IF(AP76="","",VLOOKUP(ROUND(AP76,0),Table!$H$3:$J$7,3,TRUE)) | AS76: 124633170001
A77: 5 | B77: ='INPUT DATA'!B77 -> 0 | P77: =IF(COUNT($F77:$O77)=0,"",SUM($F77:$O77)) | Q77: =IF(ISERROR(IF($P77="","",ROUND(($P77/$P$10)*$Q$10,2))),"",IF($P77="","",ROUND(($P77/$P$10)*$Q$10,2))) | R77: =IF($Q77="","",ROUND($Q77*$R$10,2)) | AC77: =IF(COUNT($S77:$AB77)=0,"",SUM($S77:$AB77)) | AD77: =IF(ISERROR(IF($AC77="","",ROUND(($AC77/$AC$10)*$AD$10,2))),"",IF($AC77="","",ROUND(($AC77/$AC$10)*$AD$10,2))) | AE77: =IF($AD77="","",ROUND($AD77*$AE$10,2)) | AG77: =IF(ISBLANK(AF77),"",(AF77/$AF$10)*$AG$10) | AI77: =IF(ISBLANK(AH77),"",(AH77/$AH$10)*$AI$10) | AK77: =IF(ISBLANK(AJ77),"",(AJ77/$AJ$10)*$AK$10) | AL77: =IF(COUNTA(AF77,AH77,AJ77),AF77+AH77+AJ77,"") | AM77: =IFERROR(IF(COUNTA(AG77,AI77,AK77),(AG77+AI77+AK77),""),"") | AN77: =IF($AM77="","",ROUND($AM77*$AN$10,2)) | AO77: =IF(ISERROR(IF($AN77="","",ROUND(SUM($R77,$AE77,$AN77),2))),"",IF($AN77="","",ROUND(SUM($R77,$AE77,$AN77),2))) | AP77: =IF(ISERROR(IF($AO77="","",VLOOKUP(AO77,Table!$B$3:$E$44,4,TRUE))),"",IF($AO77="","",VLOOKUP(AO77,Table!$B$3:$E$44,4,TRUE))) | AQ77: =IF(ISERROR(IF($AP77="","",VLOOKUP(AP77,Table!$H$12:$J$16,3,TRUE))),"",IF($AP77="","",VLOOKUP(AP77,Table!$H$12:$J$16,3,TRUE))) | AR77: =IF(AP77="","",VLOOKUP(ROUND(AP77,0),Table!$H$3:$J$7,3,TRUE)) | AS77: 124627170014
A78: 6 | B78: ='INPUT DATA'!B78 -> 0 | P78: =IF(COUNT($F78:$O78)=0,"",SUM($F78:$O78)) | Q78: =IF(ISERROR(IF($P78="","",ROUND(($P78/$P$10)*$Q$10,2))),"",IF($P78="","",ROUND(($P78/$P$10)*$Q$10,2))) | R78: =IF($Q78="","",ROUND($Q78*$R$10,2)) | AC78: =IF(COUNT($S78:$AB78)=0,"",SUM($S78:$AB78)) | AD78: =IF(ISERROR(IF($AC78="","",ROUND(($AC78/$AC$10)*$AD$10,2))),"",IF($AC78="","",ROUND(($AC78/$AC$10)*$AD$10,2))) | AE78: =IF($AD78="","",ROUND($AD78*$AE$10,2)) | AG78: =IF(ISBLANK(AF78),"",(AF78/$AF$10)*$AG$10) | AI78: =IF(ISBLANK(AH78),"",(AH78/$AH$10)*$AI$10) | AK78: =IF(ISBLANK(AJ78),"",(AJ78/$AJ$10)*$AK$10) | AL78: =IF(COUNTA(AF78,AH78,AJ78),AF78+AH78+AJ78,"") | AM78: =IFERROR(IF(COUNTA(AG78,AI78,AK78),(AG78+AI78+AK78),""),"") | AN78: =IF($AM78="","",ROUND($AM78*$AN$10,2)) | AO78: =IF(ISERROR(IF($AN78="","",ROUND(SUM($R78,$AE78,$AN78),2))),"",IF($AN78="","",ROUND(SUM($R78,$AE78,$AN78),2))) | AP78: =IF(ISERROR(IF($AO78="","",VLOOKUP(AO78,Table!$B$3:$E$44,4,TRUE))),"",IF($AO78="","",VLOOKUP(AO78,Table!$B$3:$E$44,4,TRUE))) | AQ78: =IF(ISERROR(IF($AP78="","",VLOOKUP(AP78,Table!$H$12:$J$16,3,TRUE))),"",IF($AP78="","",VLOOKUP(AP78,Table!$H$12:$J$16,3,TRUE))) | AR78: =IF(AP78="","",VLOOKUP(ROUND(AP78,0),Table!$H$3:$J$7,3,TRUE)) | AS78: 124332170017
A79: 7 | B79: ='INPUT DATA'!B79 -> 0 | P79: =IF(COUNT($F79:$O79)=0,"",SUM($F79:$O79)) | Q79: =IF(ISERROR(IF($P79="","",ROUND(($P79/$P$10)*$Q$10,2))),"",IF($P79="","",ROUND(($P79/$P$10)*$Q$10,2))) | R79: =IF($Q79="","",ROUND($Q79*$R$10,2)) | AC79: =IF(COUNT($S79:$AB79)=0,"",SUM($S79:$AB79)) | AD79: =IF(ISERROR(IF($AC79="","",ROUND(($AC79/$AC$10)*$AD$10,2))),"",IF($AC79="","",ROUND(($AC79/$AC$10)*$AD$10,2))) | AE79: =IF($AD79="","",ROUND($AD79*$AE$10,2)) | AG79: =IF(ISBLANK(AF79),"",(AF79/$AF$10)*$AG$10) | AI79: =IF(ISBLANK(AH79),"",(AH79/$AH$10)*$AI$10) | AK79: =IF(ISBLANK(AJ79),"",(AJ79/$AJ$10)*$AK$10) | AL79: =IF(COUNTA(AF79,AH79,AJ79),AF79+AH79+AJ79,"") | AM79: =IFERROR(IF(COUNTA(AG79,AI79,AK79),(AG79+AI79+AK79),""),"") | AN79: =IF($AM79="","",ROUND($AM79*$AN$10,2)) | AO79: =IF(ISERROR(IF($AN79="","",ROUND(SUM($R79,$AE79,$AN79),2))),"",IF($AN79="","",ROUND(SUM($R79,$AE79,$AN79),2))) | AP79: =IF(ISERROR(IF($AO79="","",VLOOKUP(AO79,Table!$B$3:$E$44,4,TRUE))),"",IF($AO79="","",VLOOKUP(AO79,Table!$B$3:$E$44,4,TRUE))) | AQ79: =IF(ISERROR(IF($AP79="","",VLOOKUP(AP79,Table!$H$12:$J$16,3,TRUE))),"",IF($AP79="","",VLOOKUP(AP79,Table!$H$12:$J$16,3,TRUE))) | AR79: =IF(AP79="","",VLOOKUP(ROUND(AP79,0),Table!$H$3:$J$7,3,TRUE)) | AS79: 124623170119
A80: 8 | B80: ='INPUT DATA'!B80 -> 0 | P80: =IF(COUNT($F80:$O80)=0,"",SUM($F80:$O80)) | Q80: =IF(ISERROR(IF($P80="","",ROUND(($P80/$P$10)*$Q$10,2))),"",IF($P80="","",ROUND(($P80/$P$10)*$Q$10,2))) | R80: =IF($Q80="","",ROUND($Q80*$R$10,2)) | AC80: =IF(COUNT($S80:$AB80)=0,"",SUM($S80:$AB80)) | AD80: =IF(ISERROR(IF($AC80="","",ROUND(($AC80/$AC$10)*$AD$10,2))),"",IF($AC80="","",ROUND(($AC80/$AC$10)*$AD$10,2))) | AE80: =IF($AD80="","",ROUND($AD80*$AE$10,2)) | AG80: =IF(ISBLANK(AF80),"",(AF80/$AF$10)*$AG$10) | AI80: =IF(ISBLANK(AH80),"",(AH80/$AH$10)*$AI$10) | AK80: =IF(ISBLANK(AJ80),"",(AJ80/$AJ$10)*$AK$10) | AL80: =IF(COUNTA(AF80,AH80,AJ80),AF80+AH80+AJ80,"") | AM80: =IFERROR(IF(COUNTA(AG80,AI80,AK80),(AG80+AI80+AK80),""),"") | AN80: =IF($AM80="","",ROUND($AM80*$AN$10,2)) | AO80: =IF(ISERROR(IF($AN80="","",ROUND(SUM($R80,$AE80,$AN80),2))),"",IF($AN80="","",ROUND(SUM($R80,$AE80,$AN80),2))) | AP80: =IF(ISERROR(IF($AO80="","",VLOOKUP(AO80,Table!$B$3:$E$44,4,TRUE))),"",IF($AO80="","",VLOOKUP(AO80,Table!$B$3:$E$44,4,TRUE))) | AQ80: =IF(ISERROR(IF($AP80="","",VLOOKUP(AP80,Table!$H$12:$J$16,3,TRUE))),"",IF($AP80="","",VLOOKUP(AP80,Table!$H$12:$J$16,3,TRUE))) | AR80: =IF(AP80="","",VLOOKUP(ROUND(AP80,0),Table!$H$3:$J$7,3,TRUE)) | AS80: 124623170120
A81: 9 | B81: ='INPUT DATA'!B81 -> 0 | P81: =IF(COUNT($F81:$O81)=0,"",SUM($F81:$O81)) | Q81: =IF(ISERROR(IF($P81="","",ROUND(($P81/$P$10)*$Q$10,2))),"",IF($P81="","",ROUND(($P81/$P$10)*$Q$10,2))) | R81: =IF($Q81="","",ROUND($Q81*$R$10,2)) | AC81: =IF(COUNT($S81:$AB81)=0,"",SUM($S81:$AB81)) | AD81: =IF(ISERROR(IF($AC81="","",ROUND(($AC81/$AC$10)*$AD$10,2))),"",IF($AC81="","",ROUND(($AC81/$AC$10)*$AD$10,2))) | AE81: =IF($AD81="","",ROUND($AD81*$AE$10,2)) | AG81: =IF(ISBLANK(AF81),"",(AF81/$AF$10)*$AG$10) | AI81: =IF(ISBLANK(AH81),"",(AH81/$AH$10)*$AI$10) | AK81: =IF(ISBLANK(AJ81),"",(AJ81/$AJ$10)*$AK$10) | AL81: =IF(COUNTA(AF81,AH81,AJ81),AF81+AH81+AJ81,"") | AM81: =IFERROR(IF(COUNTA(AG81,AI81,AK81),(AG81+AI81+AK81),""),"") | AN81: =IF($AM81="","",ROUND($AM81*$AN$10,2)) | AO81: =IF(ISERROR(IF($AN81="","",ROUND(SUM($R81,$AE81,$AN81),2))),"",IF($AN81="","",ROUND(SUM($R81,$AE81,$AN81),2))) | AP81: =IF(ISERROR(IF($AO81="","",VLOOKUP(AO81,Table!$B$3:$E$44,4,TRUE))),"",IF($AO81="","",VLOOKUP(AO81,Table!$B$3:$E$44,4,TRUE))) | AQ81: =IF(ISERROR(IF($AP81="","",VLOOKUP(AP81,Table!$H$12:$J$16,3,TRUE))),"",IF($AP81="","",VLOOKUP(AP81,Table!$H$12:$J$16,3,TRUE))) | AR81: =IF(AP81="","",VLOOKUP(ROUND(AP81,0),Table!$H$3:$J$7,3,TRUE)) | AS81: 124623170187
A82: 10 | B82: ='INPUT DATA'!B82 -> 0 | P82: =IF(COUNT($F82:$O82)=0,"",SUM($F82:$O82)) | Q82: =IF(ISERROR(IF($P82="","",ROUND(($P82/$P$10)*$Q$10,2))),"",IF($P82="","",ROUND(($P82/$P$10)*$Q$10,2))) | R82: =IF($Q82="","",ROUND($Q82*$R$10,2)) | AC82: =IF(COUNT($S82:$AB82)=0,"",SUM($S82:$AB82)) | AD82: =IF(ISERROR(IF($AC82="","",ROUND(($AC82/$AC$10)*$AD$10,2))),"",IF($AC82="","",ROUND(($AC82/$AC$10)*$AD$10,2))) | AE82: =IF($AD82="","",ROUND($AD82*$AE$10,2)) | AG82: =IF(ISBLANK(AF82),"",(AF82/$AF$10)*$AG$10) | AI82: =IF(ISBLANK(AH82),"",(AH82/$AH$10)*$AI$10) | AK82: =IF(ISBLANK(AJ82),"",(AJ82/$AJ$10)*$AK$10) | AL82: =IF(COUNTA(AF82,AH82,AJ82),AF82+AH82+AJ82,"") | AM82: =IFERROR(IF(COUNTA(AG82,AI82,AK82),(AG82+AI82+AK82),""),"") | AN82: =IF($AM82="","",ROUND($AM82*$AN$10,2)) | AO82: =IF(ISERROR(IF($AN82="","",ROUND(SUM($R82,$AE82,$AN82),2))),"",IF($AN82="","",ROUND(SUM($R82,$AE82,$AN82),2))) | AP82: =IF(ISERROR(IF($AO82="","",VLOOKUP(AO82,Table!$B$3:$E$44,4,TRUE))),"",IF($AO82="","",VLOOKUP(AO82,Table!$B$3:$E$44,4,TRUE))) | AQ82: =IF(ISERROR(IF($AP82="","",VLOOKUP(AP82,Table!$H$12:$J$16,3,TRUE))),"",IF($AP82="","",VLOOKUP(AP82,Table!$H$12:$J$16,3,TRUE))) | AR82: =IF(AP82="","",VLOOKUP(ROUND(AP82,0),Table!$H$3:$J$7,3,TRUE)) | AS82: 124622170012
A83: 11 | B83: ='INPUT DATA'!B83 -> 0 | P83: =IF(COUNT($F83:$O83)=0,"",SUM($F83:$O83)) | Q83: =IF(ISERROR(IF($P83="","",ROUND(($P83/$P$10)*$Q$10,2))),"",IF($P83="","",ROUND(($P83/$P$10)*$Q$10,2))) | R83: =IF($Q83="","",ROUND($Q83*$R$10,2)) | AC83: =IF(COUNT($S83:$AB83)=0,"",SUM($S83:$AB83)) | AD83: =IF(ISERROR(IF($AC83="","",ROUND(($AC83/$AC$10)*$AD$10,2))),"",IF($AC83="","",ROUND(($AC83/$AC$10)*$AD$10,2))) | AE83: =IF($AD83="","",ROUND($AD83*$AE$10,2)) | AG83: =IF(ISBLANK(AF83),"",(AF83/$AF$10)*$AG$10) | AI83: =IF(ISBLANK(AH83),"",(AH83/$AH$10)*$AI$10) | AK83: =IF(ISBLANK(AJ83),"",(AJ83/$AJ$10)*$AK$10) | AL83: =IF(COUNTA(AF83,AH83,AJ83),AF83+AH83+AJ83,"") | AM83: =IFERROR(IF(COUNTA(AG83,AI83,AK83),(AG83+AI83+AK83),""),"") | AN83: =IF($AM83="","",ROUND($AM83*$AN$10,2)) | AO83: =IF(ISERROR(IF($AN83="","",ROUND(SUM($R83,$AE83,$AN83),2))),"",IF($AN83="","",ROUND(SUM($R83,$AE83,$AN83),2))) | AP83: =IF(ISERROR(IF($AO83="","",VLOOKUP(AO83,Table!$B$3:$E$44,4,TRUE))),"",IF($AO83="","",VLOOKUP(AO83,Table!$B$3:$E$44,4,TRUE))) | AQ83: =IF(ISERROR(IF($AP83="","",VLOOKUP(AP83,Table!$H$12:$J$16,3,TRUE))),"",IF($AP83="","",VLOOKUP(AP83,Table!$H$12:$J$16,3,TRUE))) | AR83: =IF(AP83="","",VLOOKUP(ROUND(AP83,0),Table!$H$3:$J$7,3,TRUE)) | AS83: 124623170041
A84: 12 | B84: ='INPUT DATA'!B84 -> 0 | P84: =IF(COUNT($F84:$O84)=0,"",SUM($F84:$O84)) | Q84: =IF(ISERROR(IF($P84="","",ROUND(($P84/$P$10)*$Q$10,2))),"",IF($P84="","",ROUND(($P84/$P$10)*$Q$10,2))) | R84: =IF($Q84="","",ROUND($Q84*$R$10,2)) | AC84: =IF(COUNT($S84:$AB84)=0,"",SUM($S84:$AB84)) | AD84: =IF(ISERROR(IF($AC84="","",ROUND(($AC84/$AC$10)*$AD$10,2))),"",IF($AC84="","",ROUND(($AC84/$AC$10)*$AD$10,2))) | AE84: =IF($AD84="","",ROUND($AD84*$AE$10,2)) | AG84: =IF(ISBLANK(AF84),"",(AF84/$AF$10)*$AG$10) | AI84: =IF(ISBLANK(AH84),"",(AH84/$AH$10)*$AI$10) | AK84: =IF(ISBLANK(AJ84),"",(AJ84/$AJ$10)*$AK$10) | AL84: =IF(COUNTA(AF84,AH84,AJ84),AF84+AH84+AJ84,"") | AM84: =IFERROR(IF(COUNTA(AG84,AI84,AK84),(AG84+AI84+AK84),""),"") | AN84: =IF($AM84="","",ROUND($AM84*$AN$10,2)) | AO84: =IF(ISERROR(IF($AN84="","",ROUND(SUM($R84,$AE84,$AN84),2))),"",IF($AN84="","",ROUND(SUM($R84,$AE84,$AN84),2))) | AP84: =IF(ISERROR(IF($AO84="","",VLOOKUP(AO84,Table!$B$3:$E$44,4,TRUE))),"",IF($AO84="","",VLOOKUP(AO84,Table!$B$3:$E$44,4,TRUE))) | AQ84: =IF(ISERROR(IF($AP84="","",VLOOKUP(AP84,Table!$H$12:$J$16,3,TRUE))),"",IF($AP84="","",VLOOKUP(AP84,Table!$H$12:$J$16,3,TRUE))) | AR84: =IF(AP84="","",VLOOKUP(ROUND(AP84,0),Table!$H$3:$J$7,3,TRUE)) | AS84: 124623170043
... A86: 14 | B86: ='INPUT DATA'!B86 -> 0 | P86: =IF(COUNT($F86:$O86)=0,"",SUM($F86:$O86)) | Q86: =IF(ISERROR(IF($P86="","",ROUND(($P86/$P$10)*$Q$10,2))),"",IF($P86="","",ROUND(($P86/$P$10)*$Q$10,2))) | R86: =IF($Q86="","",ROUND($Q86*$R$10,2)) | AC86: =IF(COUNT($S86:$AB86)=0,"",SUM($S86:$AB86)) | AD86: =IF(ISERROR(IF($AC86="","",ROUND(($AC86/$AC$10)*$AD$10,2))),"",IF($AC86="","",ROUND(($AC86/$AC$10)*$AD$10,2))) | AE86: =IF($AD86="","",ROUND($AD86*$AE$10,2)) | AG86: =IF(ISBLANK(AF86),"",(AF86/$AF$10)*$AG$10) | AI86: =IF(ISBLANK(AH86),"",(AH86/$AH$10)*$AI$10) | AK86: =IF(ISBLANK(AJ86),"",(AJ86/$AJ$10)*$AK$10) | AL86: =IF(COUNTA(AF86,AH86,AJ86),AF86+AH86+AJ86,"") | AM86: =IFERROR(IF(COUNTA(AG86,AI86,AK86),(AG86+AI86+AK86),""),"") | AN86: =IF($AM86="","",ROUND($AM86*$AN$10,2)) | AO86: =IF(ISERROR(IF($AN86="","",ROUND(SUM($R86,$AE86,$AN86),2))),"",IF($AN86="","",ROUND(SUM($R86,$AE86,$AN86),2))) | AP86: =IF(ISERROR(IF($AO86="","",VLOOKUP(AO86,Table!$B$3:$E$44,4,TRUE))),"",IF($AO86="","",VLOOKUP(AO86,Table!$B$3:$E$44,4,TRUE))) | AQ86: =IF(ISERROR(IF($AP86="","",VLOOKUP(AP86,Table!$H$12:$J$16,3,TRUE))),"",IF($AP86="","",VLOOKUP(AP86,Table!$H$12:$J$16,3,TRUE))) | AR86: =IF(AP86="","",VLOOKUP(ROUND(AP86,0),Table!$H$3:$J$7,3,TRUE)) | AS86: 124623170048
A87: 15 | B87: ='INPUT DATA'!B87 -> 0 | P87: =IF(COUNT($F87:$O87)=0,"",SUM($F87:$O87)) | Q87: =IF(ISERROR(IF($P87="","",ROUND(($P87/$P$10)*$Q$10,2))),"",IF($P87="","",ROUND(($P87/$P$10)*$Q$10,2))) | R87: =IF($Q87="","",ROUND($Q87*$R$10,2)) | AC87: =IF(COUNT($S87:$AB87)=0,"",SUM($S87:$AB87)) | AD87: =IF(ISERROR(IF($AC87="","",ROUND(($AC87/$AC$10)*$AD$10,2))),"",IF($AC87="","",ROUND(($AC87/$AC$10)*$AD$10,2))) | AE87: =IF($AD87="","",ROUND($AD87*$AE$10,2)) | AG87: =IF(ISBLANK(AF87),"",(AF87/$AF$10)*$AG$10) | AI87: =IF(ISBLANK(AH87),"",(AH87/$AH$10)*$AI$10) | AK87: =IF(ISBLANK(AJ87),"",(AJ87/$AJ$10)*$AK$10) | AL87: =IF(COUNTA(AF87,AH87,AJ87),AF87+AH87+AJ87,"") | AM87: =IFERROR(IF(COUNTA(AG87,AI87,AK87),(AG87+AI87+AK87),""),"") | AN87: =IF($AM87="","",ROUND($AM87*$AN$10,2)) | AO87: =IF(ISERROR(IF($AN87="","",ROUND(SUM($R87,$AE87,$AN87),2))),"",IF($AN87="","",ROUND(SUM($R87,$AE87,$AN87),2))) | AP87: =IF(ISERROR(IF($AO87="","",VLOOKUP(AO87,Table!$B$3:$E$44,4,TRUE))),"",IF($AO87="","",VLOOKUP(AO87,Table!$B$3:$E$44,4,TRUE))) | AQ87: =IF(ISERROR(IF($AP87="","",VLOOKUP(AP87,Table!$H$12:$J$16,3,TRUE))),"",IF($AP87="","",VLOOKUP(AP87,Table!$H$12:$J$16,3,TRUE))) | AR87: =IF(AP87="","",VLOOKUP(ROUND(AP87,0),Table!$H$3:$J$7,3,TRUE)) | AS87: 124619170023
A88: 16 | B88: ='INPUT DATA'!B88 -> 0 | P88: =IF(COUNT($F88:$O88)=0,"",SUM($F88:$O88)) | Q88: =IF(ISERROR(IF($P88="","",ROUND(($P88/$P$10)*$Q$10,2))),"",IF($P88="","",ROUND(($P88/$P$10)*$Q$10,2))) | R88: =IF($Q88="","",ROUND($Q88*$R$10,2)) | AC88: =IF(COUNT($S88:$AB88)=0,"",SUM($S88:$AB88)) | AD88: =IF(ISERROR(IF($AC88="","",ROUND(($AC88/$AC$10)*$AD$10,2))),"",IF($AC88="","",ROUND(($AC88/$AC$10)*$AD$10,2))) | AE88: =IF($AD88="","",ROUND($AD88*$AE$10,2)) | AG88: =IF(ISBLANK(AF88),"",(AF88/$AF$10)*$AG$10) | AI88: =IF(ISBLANK(AH88),"",(AH88/$AH$10)*$AI$10) | AK88: =IF(ISBLANK(AJ88),"",(AJ88/$AJ$10)*$AK$10) | AL88: =IF(COUNTA(AF88,AH88,AJ88),AF88+AH88+AJ88,"") | AM88: =IFERROR(IF(COUNTA(AG88,AI88,AK88),(AG88+AI88+AK88),""),"") | AN88: =IF($AM88="","",ROUND($AM88*$AN$10,2)) | AO88: =IF(ISERROR(IF($AN88="","",ROUND(SUM($R88,$AE88,$AN88),2))),"",IF($AN88="","",ROUND(SUM($R88,$AE88,$AN88),2))) | AP88: =IF(ISERROR(IF($AO88="","",VLOOKUP(AO88,Table!$B$3:$E$44,4,TRUE))),"",IF($AO88="","",VLOOKUP(AO88,Table!$B$3:$E$44,4,TRUE))) | AQ88: =IF(ISERROR(IF($AP88="","",VLOOKUP(AP88,Table!$H$12:$J$16,3,TRUE))),"",IF($AP88="","",VLOOKUP(AP88,Table!$H$12:$J$16,3,TRUE))) | AR88: =IF(AP88="","",VLOOKUP(ROUND(AP88,0),Table!$H$3:$J$7,3,TRUE)) | AS88: 124628170045
A89: 17 | B89: ='INPUT DATA'!B89 -> 0 | P89: =IF(COUNT($F89:$O89)=0,"",SUM($F89:$O89)) | Q89: =IF(ISERROR(IF($P89="","",ROUND(($P89/$P$10)*$Q$10,2))),"",IF($P89="","",ROUND(($P89/$P$10)*$Q$10,2))) | R89: =IF($Q89="","",ROUND($Q89*$R$10,2)) | AC89: =IF(COUNT($S89:$AB89)=0,"",SUM($S89:$AB89)) | AD89: =IF(ISERROR(IF($AC89="","",ROUND(($AC89/$AC$10)*$AD$10,2))),"",IF($AC89="","",ROUND(($AC89/$AC$10)*$AD$10,2))) | AE89: =IF($AD89="","",ROUND($AD89*$AE$10,2)) | AG89: =IF(ISBLANK(AF89),"",(AF89/$AF$10)*$AG$10) | AI89: =IF(ISBLANK(AH89),"",(AH89/$AH$10)*$AI$10) | AK89: =IF(ISBLANK(AJ89),"",(AJ89/$AJ$10)*$AK$10) | AL89: =IF(COUNTA(AF89,AH89,AJ89),AF89+AH89+AJ89,"") | AM89: =IFERROR(IF(COUNTA(AG89,AI89,AK89),(AG89+AI89+AK89),""),"") | AN89: =IF($AM89="","",ROUND($AM89*$AN$10,2)) | AO89: =IF(ISERROR(IF($AN89="","",ROUND(SUM($R89,$AE89,$AN89),2))),"",IF($AN89="","",ROUND(SUM($R89,$AE89,$AN89),2))) | AP89: =IF(ISERROR(IF($AO89="","",VLOOKUP(AO89,Table!$B$3:$E$44,4,TRUE))),"",IF($AO89="","",VLOOKUP(AO89,Table!$B$3:$E$44,4,TRUE))) | AQ89: =IF(ISERROR(IF($AP89="","",VLOOKUP(AP89,Table!$H$12:$J$16,3,TRUE))),"",IF($AP89="","",VLOOKUP(AP89,Table!$H$12:$J$16,3,TRUE))) | AR89: =IF(AP89="","",VLOOKUP(ROUND(AP89,0),Table!$H$3:$J$7,3,TRUE)) | AS89: 124628170020
A90: 18 | B90: ='INPUT DATA'!B90 -> 0 | P90: =IF(COUNT($F90:$O90)=0,"",SUM($F90:$O90)) | Q90: =IF(ISERROR(IF($P90="","",ROUND(($P90/$P$10)*$Q$10,2))),"",IF($P90="","",ROUND(($P90/$P$10)*$Q$10,2))) | R90: =IF($Q90="","",ROUND($Q90*$R$10,2)) | AC90: =IF(COUNT($S90:$AB90)=0,"",SUM($S90:$AB90)) | AD90: =IF(ISERROR(IF($AC90="","",ROUND(($AC90/$AC$10)*$AD$10,2))),"",IF($AC90="","",ROUND(($AC90/$AC$10)*$AD$10,2))) | AE90: =IF($AD90="","",ROUND($AD90*$AE$10,2)) | AG90: =IF(ISBLANK(AF90),"",(AF90/$AF$10)*$AG$10) | AI90: =IF(ISBLANK(AH90),"",(AH90/$AH$10)*$AI$10) | AK90: =IF(ISBLANK(AJ90),"",(AJ90/$AJ$10)*$AK$10) | AL90: =IF(COUNTA(AF90,AH90,AJ90),AF90+AH90+AJ90,"") | AM90: =IFERROR(IF(COUNTA(AG90,AI90,AK90),(AG90+AI90+AK90),""),"") | AN90: =IF($AM90="","",ROUND($AM90*$AN$10,2)) | AO90: =IF(ISERROR(IF($AN90="","",ROUND(SUM($R90,$AE90,$AN90),2))),"",IF($AN90="","",ROUND(SUM($R90,$AE90,$AN90),2))) | AP90: =IF(ISERROR(IF($AO90="","",VLOOKUP(AO90,Table!$B$3:$E$44,4,TRUE))),"",IF($AO90="","",VLOOKUP(AO90,Table!$B$3:$E$44,4,TRUE))) | AQ90: =IF(ISERROR(IF($AP90="","",VLOOKUP(AP90,Table!$H$12:$J$16,3,TRUE))),"",IF($AP90="","",VLOOKUP(AP90,Table!$H$12:$J$16,3,TRUE))) | AR90: =IF(AP90="","",VLOOKUP(ROUND(AP90,0),Table!$H$3:$J$7,3,TRUE)) | AS90: 124623170219
A91: 19 | B91: ='INPUT DATA'!B91 -> 0 | P91: =IF(COUNT($F91:$O91)=0,"",SUM($F91:$O91)) | Q91: =IF(ISERROR(IF($P91="","",ROUND(($P91/$P$10)*$Q$10,2))),"",IF($P91="","",ROUND(($P91/$P$10)*$Q$10,2))) | R91: =IF($Q91="","",ROUND($Q91*$R$10,2)) | AC91: =IF(COUNT($S91:$AB91)=0,"",SUM($S91:$AB91)) | AD91: =IF(ISERROR(IF($AC91="","",ROUND(($AC91/$AC$10)*$AD$10,2))),"",IF($AC91="","",ROUND(($AC91/$AC$10)*$AD$10,2))) | AE91: =IF($AD91="","",ROUND($AD91*$AE$10,2)) | AG91: =IF(ISBLANK(AF91),"",(AF91/$AF$10)*$AG$10) | AI91: =IF(ISBLANK(AH91),"",(AH91/$AH$10)*$AI$10) | AK91: =IF(ISBLANK(AJ91),"",(AJ91/$AJ$10)*$AK$10) | AL91: =IF(COUNTA(AF91,AH91,AJ91),AF91+AH91+AJ91,"") | AM91: =IFERROR(IF(COUNTA(AG91,AI91,AK91),(AG91+AI91+AK91),""),"") | AN91: =IF($AM91="","",ROUND($AM91*$AN$10,2)) | AO91: =IF(ISERROR(IF($AN91="","",ROUND(SUM($R91,$AE91,$AN91),2))),"",IF($AN91="","",ROUND(SUM($R91,$AE91,$AN91),2))) | AP91: =IF(ISERROR(IF($AO91="","",VLOOKUP(AO91,Table!$B$3:$E$44,4,TRUE))),"",IF($AO91="","",VLOOKUP(AO91,Table!$B$3:$E$44,4,TRUE))) | AQ91: =IF(ISERROR(IF($AP91="","",VLOOKUP(AP91,Table!$H$12:$J$16,3,TRUE))),"",IF($AP91="","",VLOOKUP(AP91,Table!$H$12:$J$16,3,TRUE))) | AR91: =IF(AP91="","",VLOOKUP(ROUND(AP91,0),Table!$H$3:$J$7,3,TRUE)) | AS91: 124623170150
A92: 20 | B92: ='INPUT DATA'!B92 -> 0 | P92: =IF(COUNT($F92:$O92)=0,"",SUM($F92:$O92)) | Q92: =IF(ISERROR(IF($P92="","",ROUND(($P92/$P$10)*$Q$10,2))),"",IF($P92="","",ROUND(($P92/$P$10)*$Q$10,2))) | R92: =IF($Q92="","",ROUND($Q92*$R$10,2)) | AC92: =IF(COUNT($S92:$AB92)=0,"",SUM($S92:$AB92)) | AD92: =IF(ISERROR(IF($AC92="","",ROUND(($AC92/$AC$10)*$AD$10,2))),"",IF($AC92="","",ROUND(($AC92/$AC$10)*$AD$10,2))) | AE92: =IF($AD92="","",ROUND($AD92*$AE$10,2)) | AG92: =IF(ISBLANK(AF92),"",(AF92/$AF$10)*$AG$10) | AI92: =IF(ISBLANK(AH92),"",(AH92/$AH$10)*$AI$10) | AK92: =IF(ISBLANK(AJ92),"",(AJ92/$AJ$10)*$AK$10) | AL92: =IF(COUNTA(AF92,AH92,AJ92),AF92+AH92+AJ92,"") | AM92: =IFERROR(IF(COUNTA(AG92,AI92,AK92),(AG92+AI92+AK92),""),"") | AN92: =IF($AM92="","",ROUND($AM92*$AN$10,2)) | AO92: =IF(ISERROR(IF($AN92="","",ROUND(SUM($R92,$AE92,$AN92),2))),"",IF($AN92="","",ROUND(SUM($R92,$AE92,$AN92),2))) | AP92: =IF(ISERROR(IF($AO92="","",VLOOKUP(AO92,Table!$B$3:$E$44,4,TRUE))),"",IF($AO92="","",VLOOKUP(AO92,Table!$B$3:$E$44,4,TRUE))) | AQ92: =IF(ISERROR(IF($AP92="","",VLOOKUP(AP92,Table!$H$12:$J$16,3,TRUE))),"",IF($AP92="","",VLOOKUP(AP92,Table!$H$12:$J$16,3,TRUE))) | AR92: =IF(AP92="","",VLOOKUP(ROUND(AP92,0),Table!$H$3:$J$7,3,TRUE)) | AS92: 124623170100
A93: 21 | B93: ='INPUT DATA'!B93 -> 0 | P93: =IF(COUNT($F93:$O93)=0,"",SUM($F93:$O93)) | Q93: =IF(ISERROR(IF($P93="","",ROUND(($P93/$P$10)*$Q$10,2))),"",IF($P93="","",ROUND(($P93/$P$10)*$Q$10,2))) | R93: =IF($Q93="","",ROUND($Q93*$R$10,2)) | AC93: =IF(COUNT($S93:$AB93)=0,"",SUM($S93:$AB93)) | AD93: =IF(ISERROR(IF($AC93="","",ROUND(($AC93/$AC$10)*$AD$10,2))),"",IF($AC93="","",ROUND(($AC93/$AC$10)*$AD$10,2))) | AE93: =IF($AD93="","",ROUND($AD93*$AE$10,2)) | AG93: =IF(ISBLANK(AF93),"",(AF93/$AF$10)*$AG$10) | AI93: =IF(ISBLANK(AH93),"",(AH93/$AH$10)*$AI$10) | AK93: =IF(ISBLANK(AJ93),"",(AJ93/$AJ$10)*$AK$10) | AL93: =IF(COUNTA(AF93,AH93,AJ93),AF93+AH93+AJ93,"") | AM93: =IFERROR(IF(COUNTA(AG93,AI93,AK93),(AG93+AI93+AK93),""),"") | AN93: =IF($AM93="","",ROUND($AM93*$AN$10,2)) | AO93: =IF(ISERROR(IF($AN93="","",ROUND(SUM($R93,$AE93,$AN93),2))),"",IF($AN93="","",ROUND(SUM($R93,$AE93,$AN93),2))) | AP93: =IF(ISERROR(IF($AO93="","",VLOOKUP(AO93,Table!$B$3:$E$44,4,TRUE))),"",IF($AO93="","",VLOOKUP(AO93,Table!$B$3:$E$44,4,TRUE))) | AQ93: =IF(ISERROR(IF($AP93="","",VLOOKUP(AP93,Table!$H$12:$J$16,3,TRUE))),"",IF($AP93="","",VLOOKUP(AP93,Table!$H$12:$J$16,3,TRUE))) | AR93: =IF(AP93="","",VLOOKUP(ROUND(AP93,0),Table!$H$3:$J$7,3,TRUE)) | AS93: 124628170023
A94: 22 | B94: ='INPUT DATA'!B94 -> 0 | P94: =IF(COUNT($F94:$O94)=0,"",SUM($F94:$O94)) | Q94: =IF(ISERROR(IF($P94="","",ROUND(($P94/$P$10)*$Q$10,2))),"",IF($P94="","",ROUND(($P94/$P$10)*$Q$10,2))) | R94: =IF($Q94="","",ROUND($Q94*$R$10,2)) | AC94: =IF(COUNT($S94:$AB94)=0,"",SUM($S94:$AB94)) | AD94: =IF(ISERROR(IF($AC94="","",ROUND(($AC94/$AC$10)*$AD$10,2))),"",IF($AC94="","",ROUND(($AC94/$AC$10)*$AD$10,2))) | AE94: =IF($AD94="","",ROUND($AD94*$AE$10,2)) | AG94: =IF(ISBLANK(AF94),"",(AF94/$AF$10)*$AG$10) | AI94: =IF(ISBLANK(AH94),"",(AH94/$AH$10)*$AI$10) | AK94: =IF(ISBLANK(AJ94),"",(AJ94/$AJ$10)*$AK$10) | AL94: =IF(COUNTA(AF94,AH94,AJ94),AF94+AH94+AJ94,"") | AM94: =IFERROR(IF(COUNTA(AG94,AI94,AK94),(AG94+AI94+AK94),""),"") | AN94: =IF($AM94="","",ROUND($AM94*$AN$10,2)) | AO94: =IF(ISERROR(IF($AN94="","",ROUND(SUM($R94,$AE94,$AN94),2))),"",IF($AN94="","",ROUND(SUM($R94,$AE94,$AN94),2))) | AP94: =IF(ISERROR(IF($AO94="","",VLOOKUP(AO94,Table!$B$3:$E$44,4,TRUE))),"",IF($AO94="","",VLOOKUP(AO94,Table!$B$3:$E$44,4,TRUE))) | AQ94: =IF(ISERROR(IF($AP94="","",VLOOKUP(AP94,Table!$H$12:$J$16,3,TRUE))),"",IF($AP94="","",VLOOKUP(AP94,Table!$H$12:$J$16,3,TRUE))) | AR94: =IF(AP94="","",VLOOKUP(ROUND(AP94,0),Table!$H$3:$J$7,3,TRUE)) | AS94: 124811170140
A95: 23 | B95: ='INPUT DATA'!B95 -> 0 | P95: =IF(COUNT($F95:$O95)=0,"",SUM($F95:$O95)) | Q95: =IF(ISERROR(IF($P95="","",ROUND(($P95/$P$10)*$Q$10,2))),"",IF($P95="","",ROUND(($P95/$P$10)*$Q$10,2))) | R95: =IF($Q95="","",ROUND($Q95*$R$10,2)) | AC95: =IF(COUNT($S95:$AB95)=0,"",SUM($S95:$AB95)) | AD95: =IF(ISERROR(IF($AC95="","",ROUND(($AC95/$AC$10)*$AD$10,2))),"",IF($AC95="","",ROUND(($AC95/$AC$10)*$AD$10,2))) | AE95: =IF($AD95="","",ROUND($AD95*$AE$10,2)) | AG95: =IF(ISBLANK(AF95),"",(AF95/$AF$10)*$AG$10) | AI95: =IF(ISBLANK(AH95),"",(AH95/$AH$10)*$AI$10) | AK95: =IF(ISBLANK(AJ95),"",(AJ95/$AJ$10)*$AK$10) | AL95: =IF(COUNTA(AF95,AH95,AJ95),AF95+AH95+AJ95,"") | AM95: =IFERROR(IF(COUNTA(AG95,AI95,AK95),(AG95+AI95+AK95),""),"") | AN95: =IF($AM95="","",ROUND($AM95*$AN$10,2)) | AO95: =IF(ISERROR(IF($AN95="","",ROUND(SUM($R95,$AE95,$AN95),2))),"",IF($AN95="","",ROUND(SUM($R95,$AE95,$AN95),2))) | AP95: =IF(ISERROR(IF($AO95="","",VLOOKUP(AO95,Table!$B$3:$E$44,4,TRUE))),"",IF($AO95="","",VLOOKUP(AO95,Table!$B$3:$E$44,4,TRUE))) | AQ95: =IF(ISERROR(IF($AP95="","",VLOOKUP(AP95,Table!$H$12:$J$16,3,TRUE))),"",IF($AP95="","",VLOOKUP(AP95,Table!$H$12:$J$16,3,TRUE))) | AR95: =IF(AP95="","",VLOOKUP(ROUND(AP95,0),Table!$H$3:$J$7,3,TRUE)) | AS95: 124628170048
A96: 24 | B96: ='INPUT DATA'!B96 -> 0 | P96: =IF(COUNT($F96:$O96)=0,"",SUM($F96:$O96)) | Q96: =IF(ISERROR(IF($P96="","",ROUND(($P96/$P$10)*$Q$10,2))),"",IF($P96="","",ROUND(($P96/$P$10)*$Q$10,2))) | R96: =IF($Q96="","",ROUND($Q96*$R$10,2)) | AC96: =IF(COUNT($S96:$AB96)=0,"",SUM($S96:$AB96)) | AD96: =IF(ISERROR(IF($AC96="","",ROUND(($AC96/$AC$10)*$AD$10,2))),"",IF($AC96="","",ROUND(($AC96/$AC$10)*$AD$10,2))) | AE96: =IF($AD96="","",ROUND($AD96*$AE$10,2)) | AG96: =IF(ISBLANK(AF96),"",(AF96/$AF$10)*$AG$10) | AI96: =IF(ISBLANK(AH96),"",(AH96/$AH$10)*$AI$10) | AK96: =IF(ISBLANK(AJ96),"",(AJ96/$AJ$10)*$AK$10) | AL96: =IF(COUNTA(AF96,AH96,AJ96),AF96+AH96+AJ96,"") | AM96: =IFERROR(IF(COUNTA(AG96,AI96,AK96),(AG96+AI96+AK96),""),"") | AN96: =IF($AM96="","",ROUND($AM96*$AN$10,2)) | AO96: =IF(ISERROR(IF($AN96="","",ROUND(SUM($R96,$AE96,$AN96),2))),"",IF($AN96="","",ROUND(SUM($R96,$AE96,$AN96),2))) | AP96: =IF(ISERROR(IF($AO96="","",VLOOKUP(AO96,Table!$B$3:$E$44,4,TRUE))),"",IF($AO96="","",VLOOKUP(AO96,Table!$B$3:$E$44,4,TRUE))) | AQ96: =IF(ISERROR(IF($AP96="","",VLOOKUP(AP96,Table!$H$12:$J$16,3,TRUE))),"",IF($AP96="","",VLOOKUP(AP96,Table!$H$12:$J$16,3,TRUE))) | AR96: =IF(AP96="","",VLOOKUP(ROUND(AP96,0),Table!$H$3:$J$7,3,TRUE)) | AS96: 124620170017
A97: 25 | B97: ='INPUT DATA'!B97 -> 0 | P97: =IF(COUNT($F97:$O97)=0,"",SUM($F97:$O97)) | Q97: =IF(ISERROR(IF($P97="","",ROUND(($P97/$P$10)*$Q$10,2))),"",IF($P97="","",ROUND(($P97/$P$10)*$Q$10,2))) | R97: =IF($Q97="","",ROUND($Q97*$R$10,2)) | AC97: =IF(COUNT($S97:$AB97)=0,"",SUM($S97:$AB97)) | AD97: =IF(ISERROR(IF($AC97="","",ROUND(($AC97/$AC$10)*$AD$10,2))),"",IF($AC97="","",ROUND(($AC97/$AC$10)*$AD$10,2))) | AE97: =IF($AD97="","",ROUND($AD97*$AE$10,2)) | AL97: =IF(COUNT(AF97:AJ97)=0,"",SUM(AF97:AJ97)) | AM97: =IF(ISERROR(IF($AL97="","",ROUND(($AL97/$AL$10)*$AM$10,2))),"",IF($AL97="","",ROUND(($AL97/$AL$10)*$AM$10,2))) | AN97: =IF($AM97="","",ROUND($AM97*$AN$10,2)) | AO97: =IF(ISERROR(IF($AN97="","",ROUND(SUM($R97,$AE97,$AN97),2))),"",IF($AN97="","",ROUND(SUM($R97,$AE97,$AN97),2))) | AP97: =IF(ISERROR(IF($AO97="","",VLOOKUP(AO97,Table!$B$3:$E$44,4,TRUE))),"",IF($AO97="","",VLOOKUP(AO97,Table!$B$3:$E$44,4,TRUE))) | AQ97: =IF(ISERROR(IF($AP97="","",VLOOKUP(AP97,Table!$H$12:$J$16,3,TRUE))),"",IF($AP97="","",VLOOKUP(AP97,Table!$H$12:$J$16,3,TRUE))) | AR97: =IF(AP97="","",VLOOKUP(ROUND(AP97,0),Table!$H$3:$J$7,3,TRUE))
